time (s) â†’,0.52083,0.625,0.72917,0.83333,0.9375,1.0417,1.1458,1.25,1.3542,1.4583,1.5625,1.6667,1.7708,1.875,1.9792,2.0833,2.1875,2.2917,2.3958,2.5,2.6042,2.7083,2.8125,2.9167,3.0208,3.125,3.2292,3.3333,3.4375,3.5417,3.6458,3.75,3.8542,3.9583,4.0625,4.1667,4.2708,4.375,4.4792,4.5833,4.6875,4.7917,4.8958,5,5.1042,5.2083,5.3125,5.4167,5.5208,5.625,5.7292,5.8333,5.9375,6.0417,6.1458,6.25,6.3542
frequency (Hz),FFT amplitude (mV),,,,,,,,,,,,,,,,,,,,,,,,,,,,,,,,,,,,,,,,,,,,,,,,,,,,,,,,
244.16,0.51026,0.50342,0.45619,0.38473,0.27487,0.17197,0.32546,0.43742,0.52119,0.55656,0.52465,0.43508,0.32962,0.30983,0.34749,0.37989,0.39579,0.35695,0.35292,0.478,0.55453,0.56581,0.5432,0.50938,0.46501,0.50194,0.61726,0.67934,0.65988,0.57075,0.4337,0.28934,0.23909,0.30029,0.35785,0.35955,0.28135,0.24744,0.41598,0.54235,0.6054,0.591,0.48191,0.24556,0.35575,0.47092,0.48187,0.46347,0.46454,0.44243,0.37542,0.30377,0.24845,0.21458,15.429,15.429,15.429
243.2,0.51222,0.39207,0.35706,0.39469,0.39123,0.34942,0.25,0.23682,0.41559,0.4917,0.47786,0.40309,0.35219,0.39383,0.46431,0.51679,0.5394,0.53631,0.52619,0.51886,0.51593,0.50233,0.48336,0.46085,0.38379,0.41612,0.59188,0.681,0.67217,0.59129,0.47527,0.37663,0.35412,0.38158,0.38658,0.32659,0.21887,0.21622,0.36386,0.49383,0.56744,0.58862,0.57385,0.54312,0.51696,0.47466,0.36585,0.13921,0.3907,0.5069,0.53354,0.49754,0.42565,0.34009,15.429,15.392,15.392
242.24,0.46887,0.2974,0.25724,0.34629,0.40399,0.40697,0.37867,0.38439,0.42063,0.43185,0.39503,0.30841,0.22171,0.34286,0.43957,0.49302,0.51926,0.5099,0.42187,0.24446,0.3396,0.3563,0.14516,0.36267,0.52005,0.60535,0.63789,0.6083,0.52518,0.44597,0.3863,0.2583,0.24191,0.39158,0.44275,0.42031,0.35572,0.35341,0.42867,0.45824,0.4023,0.3711,0.48177,0.53385,0.49808,0.41352,0.36353,0.39814,0.47594,0.551,0.57939,0.55431,0.51425,0.51443,15.429,15.354,15.354
241.28,0.49161,0.26096,0.23018,0.34317,0.36448,0.35837,0.36551,0.36537,0.34172,0.30858,0.29588,0.28401,0.28216,0.33009,0.36925,0.31326,0.2588,0.41954,0.47532,0.46346,0.46703,0.48149,0.48372,0.49698,0.51758,0.54254,0.55092,0.48797,0.32426,0.15855,0.30508,0.35763,0.39694,0.44186,0.47037,0.46619,0.43581,0.41125,0.42379,0.43599,0.40066,0.38865,0.45665,0.48314,0.42204,0.25586,0.18888,0.27659,0.39802,0.52067,0.54834,0.45178,0.17958,0.38473,15.429,15.317,15.317
240.32,0.57278,0.50371,0.44893,0.3906,0.2547,0.17265,0.26171,0.20338,0.1648,0.18055,0.14263,0.24403,0.22387,0.29525,0.40479,0.44021,0.46278,0.52267,0.56356,0.55841,0.53069,0.51545,0.5047,0.44828,0.29395,0.26463,0.43714,0.4873,0.4471,0.34861,0.18977,0.2487,0.36465,0.38168,0.35724,0.36314,0.34805,0.22314,0.27065,0.43966,0.50503,0.48241,0.39674,0.39115,0.45882,0.46796,0.41848,0.37025,0.4646,0.56565,0.57711,0.50357,0.41343,0.38666,15.429,15.279,15.279
239.36,0.45263,0.5455,0.55348,0.49648,0.41691,0.35745,0.34052,0.33858,0.35027,0.39035,0.43254,0.45968,0.48149,0.50465,0.53325,0.55591,0.56232,0.55324,0.53211,0.46363,0.28438,0.29651,0.41931,0.41073,0.3532,0.3501,0.41956,0.48764,0.51144,0.48898,0.44932,0.44067,0.42041,0.31918,0.1992,0.26087,0.27883,0.32854,0.42149,0.51943,0.57126,0.54207,0.4439,0.43853,0.54069,0.59815,0.6072,0.59878,0.60466,0.62985,0.63073,0.55324,0.36581,0.29109,15.429,15.242,15.242
238.4,0.4449,0.48975,0.51411,0.51759,0.45509,0.28435,0.26705,0.46839,0.58032,0.64385,0.66084,0.6218,0.51249,0.3838,0.4569,0.51412,0.44081,0.25666,0.36701,0.44755,0.45477,0.46193,0.47573,0.43136,0.28415,0.29907,0.41108,0.40812,0.39086,0.47459,0.54913,0.57214,0.55008,0.49621,0.41948,0.32014,0.21231,0.30969,0.41715,0.51132,0.58887,0.61996,0.59861,0.5443,0.51751,0.57004,0.60246,0.52677,0.31735,0.46281,0.622,0.66981,0.64879,0.60321,15.429,15.204,15.204
237.44,0.47863,0.33072,0.24776,0.46131,0.53512,0.53985,0.55848,0.62401,0.69252,0.73116,0.72682,0.67336,0.57439,0.48651,0.52431,0.55925,0.51138,0.42721,0.38472,0.38437,0.43439,0.48518,0.51148,0.52119,0.52392,0.52409,0.49818,0.41641,0.36317,0.45528,0.50145,0.49128,0.5067,0.54405,0.53579,0.47336,0.38645,0.28651,0.24848,0.35015,0.47102,0.56225,0.56986,0.46178,0.29607,0.48443,0.58756,0.5867,0.54472,0.5465,0.57176,0.61241,0.66989,0.6905,15.429,15.166,15.166
236.48,0.52182,0.49017,0.47897,0.51515,0.54381,0.53521,0.52694,0.55281,0.56876,0.56467,0.56432,0.54917,0.53553,0.5775,0.63698,0.65859,0.61647,0.50489,0.32112,0.20003,0.32486,0.3499,0.33886,0.39335,0.49691,0.56375,0.57065,0.53106,0.48574,0.46431,0.43488,0.31543,0.3202,0.51285,0.58747,0.55526,0.43777,0.28491,0.17941,0.16852,0.35884,0.46303,0.51749,0.5427,0.55007,0.54322,0.54303,0.57868,0.6087,0.55606,0.35386,0.33345,0.54662,0.6066,15.429,15.128,15.128
235.52,0.56983,0.41469,0.28361,0.48742,0.52058,0.38775,0.26654,0.40761,0.35147,0.086161,0.34192,0.34739,0.16749,0.40402,0.57658,0.64445,0.61971,0.53099,0.42529,0.34332,0.28145,0.193,0.073112,0.19629,0.38324,0.51551,0.54414,0.45098,0.21718,0.29782,0.40888,0.45967,0.50898,0.56334,0.59675,0.58645,0.52876,0.443,0.37511,0.36596,0.3773,0.34675,0.29489,0.41188,0.50093,0.47122,0.25334,0.40872,0.58083,0.62101,0.58531,0.53459,0.4893,0.44733,15.429,15.09,15.09
234.56,0.6774,0.60329,0.56551,0.59126,0.61204,0.60126,0.57177,0.53527,0.48032,0.41151,0.34178,0.31389,0.36749,0.45429,0.52416,0.54962,0.51714,0.4263,0.29746,0.21263,0.23948,0.24698,0.22209,0.28799,0.43553,0.54248,0.5694,0.51548,0.41678,0.32506,0.28476,0.36765,0.42294,0.43055,0.45705,0.48879,0.47208,0.40592,0.3191,0.29941,0.33231,0.32293,0.31328,0.38344,0.46954,0.5231,0.54911,0.57385,0.60499,0.62095,0.59226,0.49022,0.28386,0.22207,15.429,15.052,15.052
233.6,0.63701,0.58685,0.57429,0.56593,0.54645,0.54718,0.57736,0.5896,0.55122,0.45029,0.28547,0.19357,0.29328,0.35085,0.39466,0.39045,0.35345,0.31831,0.25321,0.17348,0.14775,0.21393,0.32003,0.41579,0.49906,0.55713,0.57963,0.55154,0.46894,0.34905,0.28723,0.34034,0.35178,0.25756,0.32027,0.40144,0.33819,0.19098,0.24342,0.26063,0.3586,0.40056,0.33443,0.21016,0.40956,0.52174,0.5332,0.46392,0.39965,0.44581,0.48764,0.48155,0.44518,0.41656,15.429,15.013,15.013
232.64,0.36162,0.20313,0.36394,0.35781,0.24926,0.21292,0.37706,0.47858,0.52027,0.50131,0.43653,0.34117,0.2001,0.25317,0.33109,0.28924,0.15573,0.26843,0.30629,0.27501,0.22906,0.27421,0.35863,0.40934,0.40516,0.3907,0.44035,0.48674,0.46405,0.36379,0.21034,0.32286,0.43533,0.50385,0.54224,0.54459,0.50096,0.44926,0.46095,0.50385,0.53241,0.52943,0.49375,0.47271,0.49885,0.49922,0.44885,0.35719,0.28255,0.31526,0.30431,0.32414,0.40209,0.41889,15.429,14.975,14.975
231.68,0.41599,0.33911,0.2876,0.25375,0.21462,0.20573,0.26624,0.33759,0.39015,0.43006,0.44512,0.42998,0.40722,0.4089,0.4226,0.4217,0.40298,0.36961,0.32154,0.27596,0.27424,0.30663,0.34648,0.35405,0.29185,0.20606,0.29084,0.37282,0.4298,0.43155,0.40181,0.42727,0.47894,0.53172,0.59339,0.63847,0.64693,0.61979,0.56759,0.51307,0.50457,0.54234,0.56746,0.55792,0.5089,0.41148,0.26119,0.31275,0.39768,0.39912,0.34488,0.35222,0.39292,0.36175,15.429,14.937,14.937
230.72,0.3402,0.22601,0.17407,0.1866,0.15916,0.13849,0.21051,0.23852,0.14699,0.2562,0.36123,0.3624,0.30657,0.33441,0.40923,0.45393,0.45733,0.40897,0.29501,0.16227,0.22745,0.15076,0.22562,0.35889,0.39629,0.35423,0.21686,0.24992,0.40512,0.47989,0.49899,0.45451,0.31751,0.28238,0.45943,0.54156,0.56911,0.55237,0.4705,0.28717,0.25798,0.41587,0.45475,0.4203,0.37468,0.36867,0.3682,0.40863,0.47909,0.50998,0.49854,0.46935,0.4374,0.383,15.429,14.898,14.898
229.76,0.28892,0.21425,0.16419,0.16311,0.13669,0.096808,0.22588,0.30093,0.34519,0.3918,0.41098,0.35953,0.27401,0.27214,0.28298,0.32541,0.39902,0.43809,0.42741,0.39006,0.3573,0.35183,0.39159,0.45383,0.49235,0.48846,0.45917,0.43671,0.40583,0.3718,0.41657,0.4614,0.45413,0.44211,0.40983,0.27574,0.32553,0.42723,0.40976,0.34968,0.3475,0.37343,0.34503,0.23432,0.030518,0.23572,0.39313,0.50328,0.55072,0.52366,0.41349,0.27424,0.36936,0.41907,15.429,14.859,14.859
228.8,0.25678,0.24008,0.1377,0.13755,0.22229,0.27728,0.35597,0.43692,0.48777,0.50618,0.50511,0.48404,0.42161,0.30037,0.19428,0.20055,0.21255,0.41428,0.49809,0.45949,0.29326,0.28786,0.45104,0.49857,0.46549,0.44562,0.49202,0.49543,0.40968,0.30629,0.37079,0.42779,0.48104,0.52916,0.52421,0.4824,0.465,0.43675,0.34637,0.20709,0.2576,0.38572,0.42453,0.38125,0.3115,0.37049,0.48241,0.52752,0.4961,0.45401,0.43617,0.42194,0.45936,0.48765,15.429,14.821,14.821
227.84,0.3148,0.30493,0.28425,0.29078,0.34656,0.429,0.51157,0.55633,0.51945,0.36456,0.35199,0.52003,0.57062,0.54419,0.49328,0.46248,0.49783,0.59065,0.65844,0.65357,0.5987,0.57713,0.58349,0.53501,0.403,0.33292,0.476,0.55218,0.55733,0.51451,0.42775,0.236,0.33236,0.52672,0.63035,0.65902,0.61741,0.51057,0.34118,0.14176,0.36274,0.4988,0.588,0.62837,0.63644,0.63323,0.60404,0.52287,0.37075,0.21358,0.43498,0.55427,0.59563,0.56729,15.429,14.782,14.782
226.88,0.28657,0.25394,0.29599,0.26187,0.26618,0.42698,0.54584,0.60039,0.5973,0.56219,0.57839,0.65103,0.67838,0.62385,0.52402,0.49638,0.58545,0.6859,0.75533,0.78347,0.76401,0.69716,0.59295,0.50416,0.49767,0.52232,0.52567,0.49923,0.49977,0.52944,0.51289,0.45829,0.42814,0.49091,0.60812,0.67526,0.66077,0.5824,0.48994,0.45123,0.49325,0.56815,0.63847,0.69126,0.71366,0.68156,0.57718,0.42276,0.37333,0.4463,0.52279,0.57293,0.58689,0.56016,15.429,14.743,14.743
225.92,0.39153,0.3692,0.40184,0.39344,0.41118,0.47939,0.50191,0.47987,0.50243,0.59002,0.6705,0.71554,0.7035,0.61242,0.42971,0.3798,0.50486,0.54611,0.59274,0.66047,0.67593,0.60841,0.46322,0.2235,0.3749,0.50769,0.51498,0.38574,0.35854,0.52147,0.55724,0.4775,0.30161,0.38449,0.55032,0.61653,0.57602,0.45316,0.33799,0.34478,0.38654,0.44882,0.47366,0.46039,0.54382,0.62055,0.58135,0.44466,0.39631,0.45704,0.47525,0.43927,0.36826,0.41583,15.429,14.704,14.704
224.96,0.47383,0.49166,0.51996,0.54352,0.53861,0.48997,0.3955,0.24451,0.27562,0.4297,0.51047,0.55427,0.58771,0.59697,0.57894,0.54089,0.46218,0.28538,0.33286,0.4784,0.49656,0.44249,0.39063,0.37753,0.40514,0.48183,0.56563,0.61951,0.64528,0.64106,0.58076,0.46704,0.38372,0.44977,0.54097,0.56245,0.49431,0.35515,0.22634,0.19543,0.11607,0.29787,0.39942,0.39644,0.50967,0.65117,0.68246,0.61341,0.47178,0.27008,0.30938,0.38601,0.37485,0.43104,15.429,14.665,14.665
224,0.25771,0.31989,0.45883,0.52055,0.49425,0.39074,0.2696,0.26394,0.31916,0.34819,0.29276,0.18379,0.37146,0.4229,0.40779,0.43129,0.46207,0.46673,0.45654,0.42738,0.35868,0.23161,0.14192,0.2404,0.11495,0.34169,0.52598,0.6298,0.66431,0.63739,0.55666,0.42927,0.32031,0.41487,0.51033,0.53185,0.47198,0.34681,0.16372,0.18497,0.30556,0.43291,0.57034,0.69235,0.77659,0.78865,0.70986,0.57156,0.4712,0.42453,0.43621,0.48809,0.5235,0.54548,15.429,14.625,14.625
223.04,0.24194,0.25126,0.37757,0.47523,0.48534,0.39876,0.27944,0.22578,0.1619,0.33979,0.42306,0.45468,0.45023,0.36402,0.26064,0.31062,0.29853,0.36529,0.42263,0.37429,0.21436,0.22355,0.32572,0.36632,0.40037,0.44974,0.47728,0.48824,0.49589,0.47758,0.43708,0.39034,0.36153,0.40163,0.45602,0.4605,0.4254,0.37578,0.31531,0.27157,0.26798,0.45738,0.67629,0.83855,0.90162,0.84617,0.6727,0.38978,0.33592,0.49639,0.54199,0.50262,0.37721,0.3656,15.429,14.586,14.586
222.08,0.28764,0.28207,0.4024,0.49081,0.51483,0.49774,0.47141,0.46332,0.49361,0.56049,0.62793,0.66298,0.65062,0.59776,0.5209,0.42649,0.35844,0.40246,0.44778,0.43864,0.40003,0.40375,0.46581,0.52877,0.54567,0.47674,0.27783,0.26208,0.34478,0.2318,0.19595,0.27125,0.20744,0.30204,0.39507,0.39836,0.2603,0.27158,0.44395,0.48547,0.48754,0.62655,0.78877,0.86519,0.85923,0.80395,0.71236,0.58967,0.4757,0.44472,0.50449,0.53364,0.49976,0.49844,15.429,14.547,14.547
221.12,0.2214,0.37565,0.47193,0.50607,0.45429,0.30829,0.37109,0.50763,0.57289,0.59983,0.6331,0.68004,0.69911,0.66398,0.58527,0.50134,0.45732,0.46191,0.47018,0.43754,0.35646,0.34207,0.46652,0.56706,0.61035,0.59554,0.54441,0.49803,0.4631,0.42402,0.39325,0.37898,0.35448,0.3053,0.32532,0.41222,0.48254,0.55317,0.65339,0.75408,0.83346,0.87265,0.83093,0.68297,0.4974,0.54062,0.60437,0.56037,0.41543,0.30715,0.46777,0.57181,0.60942,0.60391,15.429,14.507,14.507
220.16,0.33128,0.39268,0.46268,0.49409,0.47299,0.43132,0.45147,0.50015,0.48333,0.3457,0.30535,0.51128,0.58249,0.54634,0.43488,0.29106,0.20483,0.30263,0.39401,0.41756,0.36696,0.35493,0.41975,0.47358,0.53569,0.57814,0.57461,0.53629,0.48969,0.45256,0.42555,0.40411,0.37371,0.32031,0.33854,0.47052,0.5549,0.57549,0.63304,0.7924,0.91762,0.91757,0.77436,0.53854,0.34297,0.37668,0.49194,0.52766,0.47234,0.39573,0.44099,0.53994,0.56343,0.45146,15.429,14.467,14.467
219.2,0.26063,0.33488,0.33338,0.38463,0.44521,0.44984,0.42507,0.42497,0.43179,0.41939,0.42525,0.45826,0.46725,0.41161,0.29038,0.16213,0.15483,0.19483,0.30326,0.41809,0.48407,0.47602,0.36579,0.19031,0.413,0.46085,0.38619,0.32462,0.32378,0.2407,0.25586,0.28625,0.25943,0.3511,0.47395,0.57313,0.61268,0.52943,0.48364,0.76435,0.92493,0.92467,0.79131,0.56671,0.35063,0.45059,0.52502,0.51166,0.42915,0.31378,0.37933,0.49778,0.55093,0.54813,15.429,14.428,14.428
218.24,0.41,0.35848,0.28975,0.35171,0.39556,0.34636,0.18585,0.26635,0.37982,0.38224,0.28742,0.30623,0.39979,0.39464,0.31081,0.21164,0.17591,0.17179,0.29376,0.42351,0.50853,0.53803,0.52726,0.51457,0.50959,0.47534,0.39552,0.34392,0.36374,0.35913,0.35008,0.33936,0.32911,0.40281,0.47682,0.50221,0.57061,0.71707,0.86119,0.95665,0.94739,0.82046,0.6739,0.62425,0.59902,0.55705,0.49285,0.41387,0.37265,0.3873,0.40022,0.4153,0.47258,0.51861,15.429,14.388,14.388
217.28,0.47208,0.45197,0.4536,0.45009,0.41205,0.32814,0.25491,0.31919,0.3944,0.41567,0.39107,0.39844,0.43464,0.43126,0.37581,0.29518,0.22583,0.21654,0.30874,0.41444,0.47923,0.47941,0.4492,0.46335,0.48783,0.48454,0.47937,0.49453,0.5152,0.51961,0.49726,0.44666,0.38598,0.39904,0.46744,0.43387,0.42241,0.75324,0.98477,1.0542,0.94337,0.67069,0.35192,0.51505,0.54167,0.45623,0.35004,0.27378,0.19427,0.31628,0.33921,0.2348,0.37534,0.48006,15.429,14.348,14.348
216.32,0.23189,0.31076,0.37961,0.41118,0.42596,0.38693,0.33159,0.38557,0.44598,0.46529,0.45715,0.44225,0.43499,0.41847,0.36007,0.24635,0.095554,0.036445,0.23817,0.38303,0.45521,0.41747,0.28578,0.37022,0.4132,0.29038,0.25748,0.43444,0.48865,0.49297,0.49289,0.45998,0.34906,0.34663,0.48301,0.61466,0.7795,0.96644,1.0956,1.1025,0.98637,0.80098,0.62516,0.51908,0.46682,0.38886,0.25979,0.32754,0.40325,0.4325,0.44644,0.47345,0.51532,0.54674,15.429,14.307,14.307
215.36,0.42024,0.3796,0.28276,0.25966,0.44296,0.52325,0.52016,0.45057,0.34083,0.3523,0.37618,0.25703,0.23886,0.38734,0.39786,0.32464,0.23255,0.21931,0.2687,0.37729,0.48449,0.54459,0.5551,0.53566,0.49542,0.45103,0.43672,0.43534,0.38217,0.18839,0.33229,0.49643,0.56799,0.56615,0.4516,0.37341,0.78965,1.0374,1.1008,0.98454,0.78464,0.65296,0.5162,0.19034,0.40548,0.50617,0.51485,0.49172,0.4499,0.391,0.35394,0.381,0.4539,0.50936,15.429,14.267,14.267
214.4,0.52375,0.50038,0.48705,0.50681,0.55869,0.60208,0.59985,0.52953,0.42909,0.42759,0.45528,0.4437,0.43937,0.46216,0.47542,0.44763,0.37949,0.27575,0.2054,0.36632,0.51227,0.5984,0.59912,0.51035,0.40312,0.42188,0.42954,0.35607,0.31771,0.39355,0.48635,0.55234,0.58135,0.63047,0.70752,0.83579,1.0443,1.1757,1.1175,0.85657,0.4551,0.5049,0.5918,0.58422,0.57293,0.56999,0.53798,0.47227,0.37477,0.22037,0.11499,0,0.28827,0.42542,15.429,14.227,14.227
213.44,0.35976,0.42029,0.43659,0.41837,0.45037,0.52408,0.56962,0.5859,0.58839,0.57936,0.54283,0.4541,0.32939,0.39065,0.48318,0.49703,0.44279,0.35589,0.28408,0.34833,0.49242,0.60081,0.62129,0.5378,0.42132,0.45184,0.4712,0.41023,0.38311,0.50093,0.60187,0.62039,0.48758,0.42456,0.82506,1.1228,1.3015,1.3309,1.208,0.98531,0.74911,0.58711,0.52422,0.54021,0.5497,0.49441,0.38215,0.2814,0.31895,0.34961,0.33084,0.34782,0.3918,0.42213,15.429,14.186,14.186
212.48,0.3285,0.28811,0.23953,0.25929,0.30349,0.44859,0.42447,0.27495,0.48889,0.55519,0.49941,0.4329,0.40756,0.46669,0.53141,0.48634,0.34838,0.30786,0.29862,0.36231,0.46106,0.52242,0.6139,0.68105,0.67104,0.58477,0.45617,0.43426,0.51247,0.55493,0.58867,0.6528,0.72574,0.82902,1.0093,1.2173,1.3525,1.3254,1.1101,0.77277,0.56785,0.48038,0.29861,0.46104,0.45132,0.28618,0.28599,0.31873,0.3522,0.38487,0.41295,0.46547,0.48535,0.37511,15.429,14.146,14.146
211.52,0.64628,0.58714,0.56585,0.6219,0.6938,0.72303,0.69521,0.66958,0.68019,0.63891,0.48845,0.41622,0.60752,0.72016,0.73887,0.66867,0.5579,0.54522,0.60597,0.61832,0.53172,0.36909,0.59014,0.77024,0.81605,0.73432,0.57422,0.55837,0.6204,0.54738,0.34849,0.63299,0.77746,0.69131,0.64045,1.0267,1.2428,1.2472,1.0777,0.80196,0.64811,0.74026,0.77922,0.76035,0.70389,0.62365,0.60905,0.63597,0.61881,0.51641,0.42782,0.5945,0.72321,0.77141,15.429,14.105,14.105
210.56,0.87966,0.89077,0.89422,0.91054,0.93084,0.93345,0.90749,0.8576,0.7988,0.75058,0.73283,0.75973,0.81986,0.86756,0.86863,0.82972,0.79056,0.78337,0.79782,0.80007,0.77526,0.7513,0.75679,0.79615,0.85831,0.89279,0.87139,0.80428,0.73176,0.71181,0.79523,0.92397,1.0009,0.98225,1.0089,1.1138,1.1084,0.99073,0.92094,0.92724,0.92689,0.92089,0.92319,0.91621,0.89105,0.86662,0.84871,0.83618,0.81682,0.80225,0.81353,0.8675,0.92866,0.96537,15.429,14.064,14.064
209.6,0.83019,0.79602,0.74232,0.75823,0.80621,0.80762,0.75016,0.65866,0.55999,0.49722,0.53784,0.64482,0.73865,0.77323,0.72504,0.61168,0.53435,0.59516,0.67685,0.72357,0.72814,0.67458,0.53394,0.39696,0.6334,0.81204,0.86984,0.7923,0.5315,0.3893,0.76646,0.99029,1.1618,1.2824,1.31,1.1957,0.91531,0.45892,0.46725,0.64195,0.70679,0.7014,0.67177,0.69325,0.70217,0.65751,0.6623,0.7005,0.67823,0.64604,0.7229,0.78956,0.79332,0.78045,15.429,14.023,14.023
208.64,0.60209,0.50291,0.26733,0.39569,0.52035,0.49642,0.40096,0.31789,0.25615,0.19353,0.25049,0.35295,0.48443,0.56138,0.52125,0.37071,0.23858,0.30161,0.40383,0.44082,0.43901,0.46945,0.47629,0.47957,0.53966,0.63333,0.73162,0.77711,0.76719,0.75653,0.74199,0.69242,0.88912,1.186,1.3173,1.2364,0.98166,0.65739,0.31823,0.36655,0.44875,0.39758,0.2479,0.41232,0.48352,0.38104,0.40678,0.54742,0.52431,0.42547,0.57356,0.62969,0.45013,0.33904,15.429,13.982,13.982
207.68,0.27806,0.39114,0.45097,0.46763,0.43906,0.33666,0.14017,0.17653,0.13521,0.22829,0.24261,0.20927,0.38606,0.49318,0.50398,0.417,0.2584,0.26737,0.31134,0.27396,0.20003,0.3378,0.4375,0.43086,0.29975,0.31103,0.50661,0.65104,0.70436,0.64572,0.56922,0.56193,0.807,1.1524,1.3281,1.2645,1.0125,0.67781,0.40682,0.33071,0.35948,0.37137,0.38091,0.45517,0.53425,0.58374,0.57738,0.5432,0.55521,0.63434,0.70823,0.73809,0.72717,0.6988,15.429,13.941,13.941
206.72,0.32296,0.30479,0.32722,0.37516,0.42474,0.44069,0.4189,0.39703,0.39286,0.38415,0.37167,0.38166,0.4302,0.48955,0.51795,0.50094,0.44534,0.35858,0.22742,0.21567,0.34416,0.40658,0.41074,0.39261,0.38357,0.37155,0.28931,0.41305,0.62746,0.67096,0.5827,0.81679,1.1625,1.3866,1.4141,1.2472,0.95379,0.62079,0.28922,0.26952,0.3419,0.30219,0.15369,0.36201,0.53733,0.62472,0.60512,0.44254,0.37737,0.60937,0.69152,0.69123,0.68705,0.70079,15.429,13.9,13.9
205.76,0.23751,0.14923,0.19251,0.13648,0.34725,0.45927,0.50849,0.51728,0.50147,0.45522,0.34999,0.10558,0.32337,0.41832,0.43087,0.41626,0.43249,0.4482,0.43271,0.44689,0.49027,0.47479,0.3498,0.19003,0.41707,0.50253,0.53336,0.61357,0.74629,0.88011,1.0526,1.2829,1.4968,1.5709,1.4341,1.0972,0.65581,0.49899,0.52844,0.47105,0.37495,0.18207,0.28535,0.47082,0.58611,0.62482,0.63397,0.65932,0.70162,0.68067,0.57087,0.27759,0.45678,0.51243,15.429,13.858,13.858
204.8,0.33341,0.29941,0.31973,0.37567,0.43481,0.44972,0.40102,0.38136,0.44428,0.45904,0.41446,0.36728,0.36239,0.35752,0.28808,0.084574,0.27725,0.41519,0.53279,0.61287,0.64433,0.61936,0.55366,0.48924,0.46125,0.53717,0.69232,0.82071,0.82088,0.58385,0.8625,1.3624,1.6374,1.6473,1.4102,1.0281,0.6514,0.50102,0.58049,0.6478,0.65304,0.62193,0.662,0.70254,0.62979,0.39723,0.40606,0.69511,0.75014,0.71501,0.5816,0.55045,0.61736,0.71945,15.429,13.817,13.817
203.84,0.15287,0.27333,0.4009,0.46257,0.46651,0.41259,0.32628,0.3012,0.41259,0.47072,0.41434,0.20926,0.28177,0.38105,0.37396,0.3046,0.1131,0.32513,0.50867,0.6169,0.65,0.6264,0.57595,0.50653,0.36577,0.42853,0.69746,0.884,0.98141,1.044,1.2624,1.5768,1.7422,1.655,1.33,0.85284,0.38952,0.50678,0.52209,0.56441,0.70385,0.84186,0.87893,0.84342,0.78109,0.68677,0.70764,0.7097,0.76665,0.69998,0.57069,0.53806,0.75496,0.84529,15.429,13.775,13.775
202.88,0.32996,0.3292,0.39904,0.46802,0.46555,0.36316,0.082542,0.38792,0.52654,0.58055,0.55734,0.49675,0.46198,0.45833,0.44986,0.41896,0.39734,0.42783,0.4876,0.52874,0.51253,0.41735,0.30387,0.39753,0.51079,0.62868,0.76421,0.8345,0.84307,1.0544,1.4356,1.718,1.7803,1.5965,1.2486,0.88519,0.63553,0.53104,0.46389,0.4562,0.69878,0.82875,0.88082,0.81873,0.59826,0.49575,0.61191,0.70543,0.46663,0.57316,0.83802,1.0752,1.2302,1.2543,15.429,13.733,13.733
201.92,0.3182,0.21607,0.37286,0.46783,0.48792,0.46723,0.46764,0.53797,0.631,0.68345,0.66415,0.56537,0.38888,0.30683,0.43003,0.44991,0.35973,0.22264,0.35258,0.39665,0.3547,0.31158,0.30674,0.37089,0.4249,0.43949,0.60243,0.77524,0.75091,0.95594,1.4677,1.7596,1.7329,1.4095,0.8968,0.51582,0.63981,0.65463,0.61569,0.65769,0.6726,0.67622,0.6598,0.70306,0.71977,0.77461,0.8047,0.64847,0.41438,0.77806,1.2778,1.6569,1.7767,1.5304,15.429,13.691,13.691
200.96,0.39572,0.4197,0.44905,0.46161,0.42323,0.32853,0.38015,0.51619,0.60339,0.64189,0.63629,0.58452,0.5026,0.46863,0.50525,0.50304,0.43813,0.37403,0.35921,0.3488,0.28198,0.22009,0.35722,0.41244,0.37493,0.30569,0.48274,0.78521,1.1289,1.4901,1.7811,1.8816,1.7213,1.3417,0.87854,0.55463,0.48179,0.45249,0.44261,0.43371,0.51677,0.29496,0.29404,0.45846,0.83006,1.0816,1.2447,1.3927,1.5322,1.8596,2.5181,3.1848,3.5508,3.5297,15.429,13.649,13.649
200,0.36778,0.35129,0.28742,0.3797,0.42278,0.39694,0.41612,0.431,0.38216,0.41251,0.47865,0.46907,0.44872,0.50486,0.5646,0.57278,0.515,0.37784,0.10504,0.34686,0.43808,0.46496,0.45538,0.41902,0.37687,0.32739,0.29718,0.72555,1.198,1.6278,1.8933,1.906,1.6636,1.2537,0.79852,0.38546,0.16436,0.43558,0.39359,0.40406,0.65419,0.85447,0.98391,1.163,1.579,1.9811,2.0458,1.4339,1.87,3.27,4.4845,5.4759,6.1178,6.4232,15.429,13.607,13.607
199.04,0.44618,0.41209,0.38317,0.44072,0.51225,0.53885,0.50264,0.40652,0.29696,0.31492,0.38375,0.37683,0.31049,0.44159,0.52871,0.52125,0.49003,0.47991,0.48416,0.53208,0.58868,0.59128,0.50588,0.28928,0.35444,0.44181,0.49175,0.65162,1.0953,1.5798,1.8583,1.8131,1.461,0.94396,0.57628,0.48325,0.49127,0.25588,0.48444,0.65101,0.49186,0.8853,1.69,2.506,3.3431,4.1308,4.6691,4.9961,5.4468,6.1837,6.8831,7.2595,7.2841,7.083,15.429,13.565,13.565
198.08,0.49755,0.47791,0.42938,0.43618,0.50387,0.53673,0.51056,0.43543,0.30555,0.15073,0.38271,0.50462,0.5728,0.59288,0.5379,0.36684,0.26812,0.46758,0.52887,0.55308,0.60311,0.63697,0.62251,0.61928,0.68099,0.80665,0.87815,0.84368,1.2498,1.7414,1.9572,1.828,1.4065,0.86544,0.46605,0.51122,0.18292,0.57638,0.8153,1.209,1.6279,2.0498,2.961,4.2903,5.633,6.7274,7.4536,7.809,7.8879,7.7224,7.2435,6.421,5.425,4.6792,15.429,13.522,13.522
197.12,0.47439,0.47058,0.36533,0.35522,0.48428,0.49654,0.37376,0.28308,0.40477,0.47269,0.55311,0.61562,0.61697,0.57533,0.55345,0.56605,0.58971,0.59141,0.48891,0.28666,0.53784,0.63438,0.55892,0.26643,0.64121,0.98308,1.2728,1.575,1.8983,2.1337,2.1473,1.8944,1.4513,0.86487,0.45302,0.41312,0.7631,1.1118,1.6636,2.448,3.386,4.4454,5.6623,6.8836,7.8145,8.2038,8.0588,7.6048,7.0095,6.2459,5.2494,4.0456,2.6718,0.86067,15.429,13.48,13.48
196.16,0.43134,0.47443,0.50516,0.53909,0.56935,0.56755,0.52321,0.50227,0.56641,0.6347,0.6531,0.6053,0.4922,0.31314,0.26376,0.49396,0.65158,0.73537,0.75467,0.74854,0.737,0.68917,0.60022,0.58106,0.7446,0.99195,1.2846,1.6365,1.9961,2.2088,2.1551,1.8175,1.3218,0.93542,0.80705,0.7107,0.74295,1.6508,2.801,4.156,5.6066,6.9695,7.9763,8.3669,7.9623,6.8743,5.4908,4.4367,3.9771,3.5515,2.9417,2.3472,1.9159,1.5319,15.429,13.437,13.437
195.2,0.32512,0.37035,0.34439,0.39822,0.51004,0.57174,0.58447,0.5807,0.59408,0.60813,0.5769,0.48706,0.37659,0.29116,0.26535,0.40601,0.6011,0.74941,0.81406,0.79408,0.71216,0.6047,0.50018,0.2343,0.61698,0.92026,0.87429,0.90101,1.6754,2.0843,2.0484,1.6493,0.91912,0.34612,0.80701,1.4531,2.0785,3.0593,4.5282,6.1915,7.6335,8.4407,8.3719,7.4507,6.0272,4.4625,2.9183,1.2945,1.3432,1.5223,1.2209,0.72265,0.5502,0.83313,15.429,13.394,13.394
194.24,0.35273,0.31398,0.26326,0.32263,0.41982,0.45361,0.41311,0.31024,0.30798,0.44632,0.48755,0.40169,0.20141,0.29634,0.3278,0.4512,0.59904,0.6664,0.66195,0.60729,0.49184,0.31744,0.25699,0.4532,0.76224,1.0813,1.3135,1.6211,2.0435,2.2834,2.1767,1.6971,1.0967,0.84341,1.1337,2.0679,3.3792,4.9523,6.6129,7.9395,8.4483,7.94,6.6351,5.1046,3.748,2.6738,1.9592,1.5173,1.2119,1.0043,0.7467,0.4093,0.53669,0.67224,15.429,13.351,13.351
193.28,0.38435,0.19075,0.25226,0.36954,0.40327,0.34725,0.18837,0.22394,0.33207,0.42322,0.47273,0.49171,0.50865,0.54039,0.59428,0.6255,0.57917,0.43617,0.3305,0.40672,0.39183,0.30222,0.18224,0.34872,0.75054,1.2366,1.7525,2.2181,2.5342,2.5824,2.3152,1.853,1.47,1.3154,1.9954,3.2966,5.0154,6.7957,8.104,8.4365,7.6493,6.0078,4.1336,2.715,1.9566,1.2626,0.55628,0.6505,0.33263,0.82224,0.87167,0.78766,0.72209,0.60871,15.429,13.308,13.308
192.32,0.50844,0.39152,0.31004,0.29406,0.38923,0.44562,0.44585,0.46554,0.51049,0.50043,0.37886,0.24873,0.50401,0.64368,0.69016,0.64973,0.54338,0.41689,0.35467,0.38646,0.39545,0.32079,0.17957,0.33924,0.71887,1.2395,1.8262,2.3388,2.5932,2.5058,2.1399,1.7059,0.74044,1.8768,3.2832,4.9908,6.8024,8.1398,8.4742,7.6923,6.0692,4.2031,2.5668,1.204,0.67209,0.93924,0.84954,0.70583,0.84991,0.87581,0.83569,0.72952,0.66993,0.67895,15.429,13.265,13.265
191.36,0.59901,0.52126,0.41164,0.37294,0.46142,0.53607,0.58237,0.6117,0.61974,0.58949,0.53013,0.50528,0.55191,0.61436,0.64768,0.60826,0.4656,0.19126,0.34577,0.43149,0.43798,0.42089,0.43069,0.54069,0.77946,1.0172,1.5201,2.1106,2.4435,2.3209,1.7466,0.87978,2.0564,3.1781,4.8248,6.6747,8.0728,8.4748,7.7399,6.1244,4.2778,2.7758,1.7608,1.1033,0.74979,0.4781,0.43669,0.72498,0.86754,0.9045,0.75718,0.46922,0.44644,0.5375,15.429,13.221,13.221
190.4,0.49951,0.52077,0.51551,0.51022,0.5031,0.4699,0.43084,0.47664,0.54594,0.56505,0.52712,0.4451,0.3594,0.40641,0.50032,0.54871,0.54196,0.50522,0.49354,0.47367,0.36606,0.16909,0.45416,0.74755,0.93756,0.8402,1.3572,2.0745,2.4933,2.4936,2.0773,1.722,2.6565,4.3619,6.2844,7.8353,8.4336,7.8448,6.2635,4.3006,2.6315,1.5299,0.96303,0.63193,0.19932,0.47797,0.44323,0.67549,0.82128,0.91211,0.91336,0.82554,0.70177,0.5415,15.429,13.178,13.178
189.44,0.36885,0.35038,0.29609,0.37647,0.40556,0.33989,0.23534,0.31669,0.40408,0.4115,0.36057,0.30345,0.25511,0.27887,0.32081,0.3935,0.48507,0.54445,0.55341,0.51573,0.461,0.44135,0.45907,0.64983,1.0838,1.5872,2.1187,2.6052,2.7064,2.3675,2.0647,2.1057,3.1709,5.3603,7.3074,8.3119,8.0567,6.6602,4.6556,2.8046,1.6351,0.96209,0.30529,0.40248,0.4021,0.48163,0.60912,0.60951,0.67616,0.75362,0.82157,0.84512,0.81113,0.74853,15.429,13.134,13.134
188.48,0.37293,0.34266,0.32608,0.36846,0.38518,0.32315,0.17463,0.29717,0.37638,0.35123,0.21853,0.24691,0.31863,0.28309,0.16652,0.26507,0.35105,0.4112,0.44872,0.43651,0.36558,0.33851,0.4222,0.53677,1.18,1.9437,2.6055,2.9618,3.0284,2.8147,2.511,3.4182,5.2165,7.1003,8.3122,8.3548,7.2002,5.2982,3.3871,1.8951,0.54568,0.88632,0.79827,0.65573,0.66033,0.62973,0.48906,0.30683,0.23905,0.45176,0.57144,0.61256,0.60893,0.58547,15.429,13.09,13.09
187.52,0.28978,0.33138,0.38118,0.41841,0.43076,0.40858,0.38447,0.40978,0.45162,0.46402,0.44538,0.41018,0.36284,0.32266,0.32473,0.312,0.1947,0.26056,0.37427,0.3374,0.21357,0.20034,0.40593,0.83719,1.4946,2.2605,2.9629,3.2577,2.7995,1.6806,3.684,5.5614,7.3942,8.6677,8.855,7.8237,5.9147,3.8153,2.1892,1.3976,1.1251,0.92032,0.92051,0.87115,0.76737,0.61848,0.47859,0.32117,0.087115,0.30673,0.3954,0.36567,0.10247,0.38344,15.429,13.046,13.046
186.56,0.10827,0.20104,0.27182,0.3174,0.37323,0.42247,0.42745,0.39671,0.40164,0.46579,0.50403,0.47732,0.37568,0.21619,0.33507,0.44022,0.4944,0.5369,0.56002,0.53357,0.46899,0.47563,0.56253,0.83197,1.5387,2.3988,3.0442,3.4743,3.7827,4.2578,5.5987,7.4962,8.953,9.348,8.5033,6.7018,4.5468,2.6602,1.3688,0.65058,0.46333,0.77236,0.77953,0.73231,0.62578,0.53274,0.42812,0.34903,0.3133,0.32159,0.34865,0.38112,0.42522,0.50509,15.429,13.002,13.002
185.6,0.2399,0.27606,0.26301,0.17385,0.29731,0.37555,0.36469,0.2701,0.23492,0.39645,0.49357,0.50496,0.45134,0.40008,0.43497,0.53085,0.62062,0.68041,0.71011,0.71645,0.71069,0.71291,0.72575,0.67518,1.5025,2.481,3.1253,2.9809,2.3476,4.7423,7.0529,8.7554,9.4151,8.8403,7.2591,5.2118,3.3102,1.8569,0.95914,0.31084,0.52897,0.44397,0.48031,0.45167,0.34624,0.25579,0.25149,0.1472,0.27608,0.28423,0.14918,0.2605,0.36915,0.4491,15.429,12.958,12.958
184.64,0.47981,0.44304,0.40163,0.36594,0.35253,0.36631,0.36057,0.29735,0.22018,0.38312,0.51049,0.54462,0.45888,0.27058,0.40885,0.5109,0.53801,0.56269,0.5884,0.59799,0.61333,0.59162,0.53505,1.0241,1.8138,2.624,3.3756,3.8896,4.504,6.1533,8.0071,8.9818,8.6882,7.2729,5.3393,3.6375,2.3199,1.1941,0.60996,0.64533,0.39138,0.33622,0.43102,0.46382,0.4141,0.37279,0.36241,0.36442,0.37531,0.38353,0.38026,0.37371,0.3151,0.21012,15.429,12.913,12.913
183.68,0.49205,0.46999,0.42846,0.34053,0.13151,0.31547,0.41855,0.42284,0.41434,0.47892,0.5572,0.60857,0.62118,0.60461,0.56267,0.45269,0.19296,0.35593,0.39556,0.20424,0.35563,0.49027,0.59046,1.0825,1.959,2.6558,3.0016,3.6662,5.3716,7.2477,8.467,8.5217,7.2974,5.224,3.1327,2.0487,1.5146,1.1002,0.74476,0.63895,0.6297,0.5478,0.4639,0.4574,0.4893,0.4852,0.46031,0.42341,0.39595,0.40788,0.4549,0.49447,0.49862,0.49636,15.429,12.869,12.869
182.72,0.33202,0.34892,0.28527,0.32601,0.41965,0.50559,0.57149,0.5838,0.52377,0.3999,0.40011,0.5387,0.61588,0.62124,0.58398,0.54305,0.5191,0.50994,0.49041,0.45316,0.42303,0.47461,0.58503,1.102,1.9342,2.7872,3.0386,2.9063,5.3644,7.4827,8.3872,7.8618,6.172,3.9225,1.8338,0.66801,0.63776,0.39437,0.52874,0.66334,0.64488,0.50113,0.24355,0.37015,0.46308,0.4613,0.3778,0.23343,0.21039,0.13611,0.34656,0.5228,0.59733,0.54516,15.429,12.824,12.824
181.76,0.27408,0.24773,0.28534,0.36705,0.53171,0.65819,0.70384,0.66042,0.54382,0.40741,0.38499,0.45173,0.49113,0.46885,0.3716,0.33271,0.47552,0.56935,0.58363,0.50746,0.33473,0.38318,0.46052,0.8404,1.7135,2.8115,4.0377,5.5112,7.1245,8.2524,8.3328,7.2362,5.3418,3.284,1.7446,0.71504,0.53068,0.30431,0.59242,0.63595,0.67597,0.61869,0.52037,0.45626,0.41519,0.33366,0.28113,0.31047,0.33139,0.39687,0.52902,0.6599,0.71793,0.68659,15.429,12.779,12.779
180.8,0.41017,0.39012,0.48453,0.59406,0.68191,0.72244,0.70333,0.62879,0.51512,0.38198,0.27153,0.30936,0.35658,0.33921,0.28883,0.29318,0.40321,0.52777,0.59793,0.59759,0.54923,0.5034,0.64925,1.2138,1.7349,2.3019,3.8466,5.9385,7.6734,8.4581,7.9801,6.4001,4.2697,2.3718,1.3158,0.81701,0.60176,0.69079,0.69962,0.75347,0.68698,0.53749,0.33448,0.30317,0.3893,0.37702,0.35675,0.45406,0.57578,0.67322,0.74535,0.77435,0.75271,0.70254,15.429,12.734,12.734
179.84,0.58587,0.612,0.61549,0.61068,0.61197,0.60121,0.54362,0.44846,0.35897,0.28974,0.23353,0.24108,0.26976,0.26393,0.19823,0.13386,0.33714,0.46794,0.54486,0.55688,0.49726,0.34236,0.50002,1.3811,2.0588,1.9677,3.4581,6.0408,7.8319,8.324,7.4249,5.5149,3.256,1.4939,0.82911,0.42541,0.35965,0.57513,0.71327,0.70386,0.60515,0.43598,0.3098,0.33566,0.42407,0.50708,0.56162,0.61897,0.67998,0.73311,0.7437,0.67846,0.51999,0.38115,15.429,12.689,12.689
178.88,0.63214,0.61891,0.48655,0.23324,0.37166,0.42389,0.33547,0.18132,0.17073,0.09142,0.21316,0.23605,0.18275,0.15929,0.20523,0.25345,0.31725,0.38518,0.41217,0.40164,0.40881,0.42768,0.3296,1.4624,2.6208,3.8928,5.6367,7.4224,8.4647,8.2729,6.8889,4.8074,2.705,1.1361,0.45245,0.46765,0.4027,0.51624,0.60892,0.63388,0.58641,0.47171,0.35124,0.42975,0.48923,0.46992,0.43808,0.47535,0.51543,0.52808,0.54566,0.54478,0.49742,0.44364,15.429,12.643,12.643
177.92,0.62997,0.57125,0.48174,0.40304,0.39487,0.42182,0.41063,0.3587,0.33205,0.33445,0.32146,0.269,0.18821,0.15513,0.20088,0.2037,0.09244,0.28096,0.35149,0.29337,0.30323,0.42939,0.66491,1.6626,3.1864,5.1147,7.0874,8.5003,8.8458,7.961,6.1372,3.9873,2.2223,1.1208,0.52704,0.49008,0.53787,0.52122,0.46766,0.4214,0.40379,0.47881,0.57139,0.61778,0.5856,0.44773,0.33028,0.36113,0.22614,0.22345,0.2856,0.31776,0.4576,0.52888,15.429,12.598,12.598
176.96,0.44755,0.43604,0.41289,0.27418,0.25383,0.44438,0.53261,0.56526,0.56922,0.55394,0.51315,0.43551,0.3341,0.28761,0.34095,0.36819,0.37935,0.40417,0.42281,0.44933,0.49452,0.55494,0.48766,1.7434,3.5845,5.7679,7.686,8.748,8.5709,7.1988,5.0861,2.9112,1.5255,0.97312,0.42117,0.55596,0.50231,0.37597,0.20259,0.32098,0.29028,0.44564,0.63305,0.71543,0.71936,0.68426,0.62424,0.54748,0.48184,0.42308,0.35817,0.38906,0.45858,0.49362,15.429,12.552,12.552
176,0.35156,0.38035,0.43727,0.42298,0.42404,0.48316,0.55033,0.57354,0.55978,0.56646,0.6015,0.61924,0.604,0.57859,0.55188,0.52321,0.49504,0.45305,0.35514,0.25417,0.46789,0.55799,0.73784,1.8876,3.8273,5.9734,7.6789,8.3883,7.8547,6.2728,4.187,2.2398,0.80573,0.73666,0.73045,0.54155,0.39553,0.35082,0.41483,0.48762,0.58238,0.67574,0.69935,0.69093,0.62672,0.60439,0.65114,0.67089,0.61004,0.49905,0.38925,0.38481,0.46956,0.47182,15.429,12.506,12.506
175.04,0.62287,0.60414,0.52857,0.36757,0.19383,0.4244,0.48716,0.4426,0.28582,0.2709,0.49016,0.61377,0.66707,0.65185,0.57191,0.42502,0.2971,0.41122,0.46689,0.50712,0.57917,0.62499,0.48752,1.9575,3.9198,5.8906,7.3114,7.696,6.9186,5.2687,3.3247,1.7419,0.9689,0.6957,0.63155,0.45155,0.26263,0.19868,0.38627,0.54445,0.67358,0.68412,0.67461,0.51714,0.37166,0.31234,0.5592,0.62246,0.60895,0.50431,0.39382,0.39222,0.51426,0.55584,15.429,12.46,12.46
174.08,0.69479,0.67203,0.6091,0.52971,0.48247,0.46344,0.41621,0.33702,0.309,0.35312,0.42156,0.49259,0.54434,0.54886,0.50023,0.42441,0.38008,0.44161,0.54118,0.62612,0.67385,0.63853,0.8333,2.0845,3.8988,5.6484,6.79,6.9134,5.9633,4.2791,2.4563,1.2543,0.63982,0.60105,0.58713,0.55137,0.53843,0.38354,0.55544,0.66407,0.63198,0.55454,0.44352,0.48308,0.15199,0.47009,0.59529,0.62775,0.47184,0.3554,0.38139,0.50293,0.58064,0.59901,15.429,12.414,12.414
173.12,0.55343,0.55343,0.48888,0.45282,0.48194,0.46692,0.37224,0.21741,0.20515,0.27495,0.26159,0.21367,0.3755,0.42688,0.32231,0.25158,0.414,0.42713,0.34996,0.48812,0.64392,0.68971,0.39613,2.0656,3.7933,5.3523,6.2627,6.201,5.2146,3.6372,1.9867,0.49938,0.93182,0.73517,0.42398,0.54388,0.71684,0.87479,0.87235,0.85919,0.70308,0.60039,0.58718,0.69162,0.82675,0.96297,1.03,0.94713,0.76512,0.66313,0.61512,0.68895,0.84115,0.85641,15.429,12.367,12.367
172.16,0.40471,0.46463,0.39044,0.34023,0.44505,0.4771,0.42444,0.31215,0.11586,0.22285,0.31235,0.38022,0.46822,0.52164,0.5212,0.51778,0.5344,0.5144,0.48458,0.56172,0.62387,0.62567,0.98381,2.1998,3.7003,5.061,5.7678,5.5931,4.5697,3.0804,1.6099,1.2597,1.2031,1.1397,0.98022,0.89267,0.99428,0.8796,0.61641,1.1152,1.4078,1.3654,1.2911,1.6144,2.0533,2.3224,2.3019,1.9563,1.3163,0.90117,1.4871,1.8649,2.0385,1.9505,15.429,12.321,12.321
171.2,0.51385,0.50045,0.48636,0.48187,0.47856,0.46329,0.4352,0.39029,0.3471,0.35165,0.4189,0.51047,0.58953,0.63559,0.64107,0.61112,0.56265,0.54908,0.5897,0.61135,0.59161,0.47544,0.7752,2.0796,3.5197,4.73,5.3486,5.0972,4.056,2.5954,1.3693,1.1873,1.6718,1.951,1.9409,1.859,2.1343,2.5302,2.7875,3.1474,3.6477,4.0544,4.3428,4.615,4.8629,4.9696,4.8531,4.542,4.1942,4.0255,4.0823,4.2015,4.2343,4.1348,15.429,12.274,12.274
170.24,0.47234,0.3481,0.27912,0.36792,0.38446,0.29183,0.25566,0.38,0.38388,0.22973,0.32909,0.52888,0.59966,0.54593,0.46359,0.50616,0.45491,0.27954,0.53723,0.6107,0.47755,0.32886,0.87592,1.9796,3.3106,4.4028,4.9001,4.7269,4.0523,3.0464,2.2403,2.4431,2.2699,1.4987,2.6962,3.842,4.7347,5.459,6.0134,6.4119,6.6766,6.8157,6.8449,6.792,6.6784,6.5191,6.3309,6.1296,5.9294,5.746,5.5813,5.4225,5.2665,5.1204,15.429,12.227,12.227
169.28,0.39703,0.29747,0.23436,0.28205,0.35449,0.387,0.4155,0.47604,0.51444,0.52414,0.56078,0.61299,0.62276,0.56274,0.49297,0.58384,0.69866,0.77313,0.8228,0.82592,0.76168,0.7483,0.52277,1.8451,3.0836,4.1232,4.5964,4.116,2.263,3.3537,4.6449,5.2101,5.3389,5.3334,5.871,6.7889,7.5116,7.8626,7.8808,7.6646,7.3105,6.8902,6.4465,5.9915,5.5369,5.1496,4.9466,4.9394,4.9589,4.8422,4.5535,4.1749,3.8717,3.7662,15.429,12.18,12.18
168.32,0.37372,0.30231,0.17583,0.26622,0.37322,0.44645,0.50298,0.54143,0.55637,0.55606,0.55083,0.53761,0.53421,0.59186,0.67826,0.7553,0.81304,0.85823,0.90657,0.94957,0.97452,0.9474,1.3995,2.2864,3.0976,3.4943,3.9489,4.7656,5.3769,6.2274,7.4474,8.365,8.7627,8.8143,8.7175,8.4785,8.0027,7.2969,6.4834,5.6617,4.8549,4.1324,3.5838,3.1094,2.5807,2.0013,1.6095,2.1133,2.5184,2.533,2.2475,1.769,1.1053,1.2334,15.429,12.133,12.133
167.36,0.32525,0.24304,0.3042,0.36798,0.37436,0.30321,0.35137,0.45184,0.43903,0.28644,0.29499,0.39057,0.27799,0.43727,0.64269,0.68218,0.57624,0.53172,0.62969,0.65666,0.71309,0.81936,1.1209,2.5674,3.6418,3.8344,3.377,5.4784,7.6145,9.0006,9.6194,9.5616,9.0942,8.4996,7.7726,6.7752,5.5296,4.2602,3.2602,2.6175,2.0686,1.372,0.88497,1.083,0.91184,0.74208,1.0494,1.208,1.2077,1.057,0.83039,0.77908,0.83313,0.82487,15.429,12.085,12.085
166.4,0.3879,0.3444,0.40278,0.47645,0.48324,0.44501,0.45537,0.45773,0.3869,0.32962,0.38856,0.49276,0.59487,0.677,0.70952,0.66455,0.55689,0.51028,0.52415,0.44224,0.4343,0.92072,1.7489,3.2117,4.8524,6.3099,7.6104,8.8977,9.8027,9.7902,8.7335,7.0121,5.5257,5.0044,4.6793,3.9434,2.9373,1.9881,1.1788,0.47108,0.81114,0.90118,0.83162,0.64282,0.61463,0.71433,0.74087,0.75409,0.74885,0.6609,0.48564,0.3891,0.29923,0.30555,15.429,12.038,12.038
165.44,0.42113,0.43127,0.45732,0.5285,0.60774,0.65679,0.6569,0.59666,0.47352,0.39271,0.51957,0.64595,0.71429,0.71385,0.65384,0.59515,0.60421,0.62648,0.59599,0.51824,0.59665,0.68784,2.0523,3.9222,6.1093,8.2214,9.8188,10.472,9.9211,8.3071,6.1671,4.1585,2.3102,1.8437,2.3158,2.0993,1.494,0.8407,0.8277,0.62767,0.38474,0.49351,0.45967,0.45107,0.43657,0.48451,0.51338,0.39662,0.35069,0.48181,0.49288,0.38223,0.30605,0.30914,15.429,11.99,11.99
164.48,0.34439,0.25527,0.18126,0.39426,0.55542,0.65682,0.70026,0.69121,0.64587,0.59678,0.58383,0.62777,0.67032,0.62099,0.43258,0.15944,0.36874,0.50452,0.63641,0.642,0.71614,0.52897,1.9907,4.349,6.9592,9.1752,10.297,9.9287,8.2273,5.8719,3.8316,2.5582,2.0344,1.8733,1.6022,1.2877,1.0344,0.883,0.64848,0.66499,0.594,0.48299,0.41989,0.32069,0.35687,0.40179,0.39797,0.40436,0.41873,0.49543,0.49679,0.39718,0.21648,0.41299,15.429,11.942,11.942
163.52,0.26396,0.084458,0.27783,0.40055,0.46946,0.48556,0.52082,0.5721,0.56176,0.45846,0.20123,0.39642,0.56748,0.62555,0.59142,0.49394,0.35773,0.43121,0.61795,0.77973,0.99436,1.5094,2.7104,5.1259,7.7278,9.5643,9.9626,8.7471,6.3119,3.5352,2.0283,1.5319,0.99304,1.0495,1.0702,0.76394,0.34815,0.60178,0.77453,0.73378,0.68308,0.55331,0.42118,0.32932,0.41752,0.45245,0.35686,0.23689,0.4717,0.57684,0.60078,0.56712,0.52649,0.53817,15.429,11.893,11.893
162.56,0.3577,0.34993,0.40697,0.45137,0.41652,0.27281,0.3274,0.43213,0.42327,0.35664,0.34814,0.43311,0.53662,0.59654,0.61021,0.60938,0.62535,0.65595,0.70404,0.73037,0.46794,1.615,3.5672,6.1237,8.5063,9.8779,9.7176,8.0467,5.4566,2.7509,0.74652,0.83742,0.9684,0.90304,0.7287,0.67622,0.54447,0.55685,0.53031,0.58971,0.58554,0.58418,0.5309,0.54545,0.59597,0.61118,0.59223,0.57986,0.59023,0.59037,0.57489,0.53291,0.4383,0.30983,15.429,11.845,11.845
161.6,0.11463,0.3557,0.45049,0.47612,0.4573,0.42937,0.42228,0.41563,0.36619,0.24879,0.24075,0.36802,0.47314,0.49382,0.3781,0.34803,0.55349,0.63494,0.55875,0.57171,0.79655,1.9629,4.2495,6.9675,9.2042,10.22,9.6363,7.6757,5.0372,2.5208,0.86276,0.53247,0.46432,0.44304,0.48236,0.40043,0.32378,0.23491,0.32253,0.24135,0.37495,0.37926,0.31599,0.41473,0.56144,0.65335,0.67907,0.6297,0.49205,0.30512,0.38625,0.42515,0.37026,0.30271,15.429,11.796,11.796
160.64,0.39135,0.3948,0.41638,0.41604,0.36524,0.25651,0.24804,0.37756,0.42368,0.38899,0.25534,0.29811,0.4692,0.52963,0.5119,0.50538,0.51638,0.50352,0.55423,0.55513,1.2705,2.6719,5.1937,7.9108,9.9202,10.51,9.4776,7.2003,4.4458,2.1069,0.9133,0.44151,0.48211,0.28225,0.3359,0.42146,0.41401,0.3856,0.37361,0.40678,0.44596,0.43702,0.40415,0.41128,0.44258,0.51799,0.57938,0.57221,0.50004,0.41835,0.4001,0.3917,0.32132,0.16033,15.429,11.747,11.747
159.68,0.25063,0.23181,0.3124,0.30115,0.25851,0.2268,0.25663,0.37078,0.49012,0.55645,0.57195,0.58598,0.59719,0.58402,0.55629,0.51104,0.44077,0.34167,0.32743,0.95862,1.8429,3.6803,6.3813,8.9752,10.59,10.643,9.1128,6.5562,3.7948,1.7096,0.4693,0.46269,0.34732,0.40221,0.39043,0.4226,0.4605,0.46475,0.4747,0.5062,0.54361,0.54933,0.49417,0.35576,0.25135,0.3947,0.43828,0.43379,0.44461,0.44202,0.4025,0.34905,0.31465,0.28521,15.429,11.698,11.698
158.72,0.37462,0.36166,0.34223,0.25851,0.19606,0.25271,0.16853,0.36407,0.56179,0.68509,0.72527,0.66178,0.49696,0.36619,0.42353,0.37668,0.29784,0.43362,0.24869,1.0872,2.4976,4.8032,7.5986,9.952,11.045,10.474,8.446,5.684,3.1086,1.4652,0.45475,0.30756,0.36837,0.25357,0.29691,0.40005,0.41289,0.32937,0.1135,0.39559,0.53629,0.58554,0.54909,0.46385,0.40671,0.40424,0.35874,0.22232,0.34154,0.3777,0.2776,0.080169,0.23544,0.26564,15.429,11.649,11.649
157.76,0.41127,0.47145,0.50247,0.49978,0.48722,0.47864,0.49116,0.53984,0.61484,0.7053,0.75764,0.72759,0.61069,0.52578,0.51646,0.48991,0.50719,0.60015,0.92251,1.3741,3.1331,5.8525,8.6612,10.666,11.166,9.976,7.5172,4.5984,2.2187,1.196,0.70929,0.51635,0.40586,0.31882,0.29877,0.36883,0.40239,0.3656,0.301,0.32127,0.46663,0.57472,0.58303,0.46492,0.30292,0.47209,0.55874,0.57615,0.55949,0.50343,0.40499,0.29144,0.14415,0.17932,15.429,11.6,11.6
156.8,0.37352,0.50988,0.56062,0.55043,0.53608,0.55622,0.5542,0.45322,0.30416,0.53254,0.67507,0.74027,0.76078,0.7162,0.63094,0.53576,0.59375,0.69653,1.0561,2.1613,4.1801,6.9755,9.5647,11.068,10.936,9.2225,6.5531,3.7896,1.724,0.31466,0.61042,0.43712,0.4574,0.37921,0.31997,0.41817,0.49669,0.48902,0.4033,0.39243,0.49384,0.5692,0.6089,0.63499,0.66214,0.69515,0.71873,0.70107,0.64797,0.59395,0.54513,0.48245,0.41729,0.36552,15.429,11.55,11.55
155.84,0.51267,0.52978,0.53067,0.44028,0.13911,0.46576,0.58867,0.59606,0.5804,0.5816,0.48261,0.39693,0.65633,0.7814,0.72614,0.58812,0.56264,0.92809,0.84758,2.364,4.9814,7.8834,10.189,11.122,10.349,8.158,5.3419,2.9547,1.6856,0.78734,0.57879,0.45447,0.44717,0.44839,0.47912,0.52016,0.55252,0.57598,0.57547,0.52677,0.42636,0.36124,0.44621,0.52914,0.61217,0.68653,0.69664,0.61651,0.434,0.34453,0.51776,0.58555,0.57046,0.50825,15.429,11.5,11.5
154.88,0.31584,0.31535,0.46823,0.53707,0.57178,0.61456,0.65854,0.67224,0.66141,0.64151,0.622,0.65502,0.77952,0.85989,0.86448,0.80073,0.80888,0.4488,1.5361,3.2111,5.9414,8.7211,10.608,10.922,9.5514,7.002,4.1169,1.7771,1.0277,1.1109,0.76281,0.52175,0.22886,0.34447,0.41747,0.38238,0.33987,0.49277,0.58756,0.56903,0.45726,0.37103,0.31969,0.11787,0.40869,0.52162,0.55326,0.52659,0.46681,0.45002,0.51716,0.58318,0.58332,0.49859,15.429,11.45,11.45
153.92,0.38346,0.40146,0.46453,0.51551,0.53429,0.54383,0.54889,0.51589,0.41459,0.42285,0.58765,0.73579,0.84153,0.88571,0.81006,0.62672,0.44806,1.1078,2.0834,4.2046,7.0431,9.5654,10.915,10.585,8.6888,5.9083,3.1934,1.756,1.1956,1.0292,0.90866,0.66988,0.44023,0.32184,0.361,0.38062,0.40011,0.51132,0.62021,0.66153,0.63445,0.56731,0.49429,0.4417,0.38838,0.30995,0.3449,0.39288,0.36481,0.31155,0.41033,0.51652,0.54499,0.49062,15.429,11.4,11.4
152.96,0.36023,0.38305,0.34537,0.34289,0.34792,0.16936,0.33892,0.43591,0.40601,0.38091,0.39826,0.54979,0.67737,0.71412,0.7103,0.76986,0.52823,1.131,2.7258,5.239,8.0712,10.28,11.078,10.165,7.8644,4.9603,2.3624,0.47409,0.9589,1.0034,0.93291,0.73762,0.46849,0.31646,0.34111,0.35452,0.43482,0.54192,0.6176,0.62414,0.56954,0.51749,0.5127,0.49338,0.41142,0.31498,0.29798,0.26602,0.23396,0.2579,0.35991,0.46158,0.49613,0.45766,15.429,11.349,11.349
152,0.30358,0.32973,0.30747,0.31417,0.41534,0.49343,0.56025,0.6198,0.62412,0.55224,0.50527,0.59039,0.61157,0.41996,0.50656,0.8357,1.2909,1.5033,3.2584,6.1836,9.0102,10.852,11.066,9.5957,7.0034,4.1768,2.0977,0.74145,0.71559,0.82502,0.87805,0.79184,0.6196,0.41294,0.25227,0.10328,0.28711,0.4649,0.53701,0.50816,0.38077,0.17011,0.38473,0.48565,0.50407,0.46738,0.39149,0.28865,0.26105,0.33957,0.38482,0.41658,0.43536,0.38871,15.429,11.298,11.298
151.04,0.26247,0.24865,0.3381,0.46903,0.58459,0.67127,0.70813,0.68729,0.6728,0.72247,0.7846,0.81322,0.76645,0.70521,0.72999,0.62968,1.335,2.6068,4.7064,7.5512,10.064,11.33,10.861,8.8097,5.8935,3.0716,1.5543,1.0911,0.73315,0.7658,0.75323,0.73758,0.65632,0.49849,0.33834,0.36579,0.45719,0.50447,0.46844,0.36466,0.34418,0.38803,0.41193,0.42147,0.43968,0.44933,0.44688,0.44398,0.44051,0.40409,0.27607,0.22577,0.40378,0.46487,15.429,11.247,11.247
150.08,0.30827,0.26344,0.3493,0.49389,0.61853,0.69136,0.68588,0.57613,0.23691,0.60153,0.83874,0.90647,0.83028,0.60135,0.3643,0.74145,1.3271,3.1825,5.9135,8.8159,10.965,11.603,10.485,8.0106,4.9973,2.4013,0.69692,0.57381,0.59479,0.39652,0.32822,0.5847,0.66922,0.62543,0.52277,0.48293,0.54894,0.599,0.5553,0.44375,0.42811,0.42888,0.30155,0.17163,0.32345,0.29811,0.21547,0.37371,0.47659,0.50268,0.47771,0.45119,0.44819,0.4664,15.429,11.196,11.196
149.12,0.38043,0.28933,0.25801,0.43524,0.55234,0.56639,0.51605,0.53759,0.65564,0.79971,0.91665,0.94218,0.86463,0.71071,0.50734,0.85045,1.8966,4.0681,7.0652,9.8643,11.55,11.523,9.8117,7.0596,4.1954,2.1288,0.7546,0.51295,0.33401,0.36373,0.47108,0.60942,0.68856,0.67134,0.53157,0.3993,0.59555,0.71332,0.7401,0.71383,0.66186,0.58864,0.49722,0.41294,0.33629,0.28225,0.2903,0.37017,0.46742,0.53709,0.54524,0.45769,0.20764,0.34858,15.429,11.145,11.145
148.16,0.3803,0.37572,0.39227,0.45961,0.49627,0.47158,0.36697,0.4241,0.65849,0.82109,0.87423,0.82052,0.67345,0.62799,0.86146,1.5048,2.7969,5.3022,8.3291,10.79,11.825,11.053,8.7533,5.7318,3.0579,1.6567,1.0279,0.56342,0.41759,0.34975,0.52703,0.62693,0.65448,0.6564,0.68588,0.73326,0.77106,0.75699,0.66739,0.60373,0.66083,0.68631,0.62124,0.47417,0.25397,0.19951,0.28129,0.27508,0.35929,0.46618,0.52862,0.55254,0.55715,0.57381,15.429,11.093,11.093
147.2,0.41569,0.44513,0.41255,0.38534,0.3995,0.39222,0.39516,0.51026,0.65709,0.72458,0.68715,0.60226,0.57018,0.47118,0.4642,1.8071,3.7885,6.6373,9.5276,11.483,11.783,10.303,7.5849,4.5325,2.1822,0.73858,0.72199,0.62236,0.57515,0.58808,0.61814,0.59511,0.44202,0.23924,0.53841,0.68203,0.74663,0.7204,0.58047,0.45836,0.61159,0.69399,0.67172,0.5812,0.47592,0.40456,0.35194,0.31625,0.36368,0.36729,0.33423,0.46574,0.58772,0.64821,15.429,11.041,11.041
146.24,0.52729,0.42231,0.24815,0.13166,0.26081,0.30785,0.26372,0.43063,0.61041,0.69488,0.63343,0.51141,0.5289,1.0034,1.2445,2.1303,4.6537,7.7947,10.493,11.87,11.435,9.356,6.3843,3.5113,1.6557,0.88823,0.36095,0.32994,0.26084,0.44838,0.55772,0.59179,0.56864,0.53128,0.4776,0.39721,0.5425,0.68381,0.71978,0.68487,0.6262,0.59333,0.58758,0.54394,0.43073,0.35221,0.43803,0.50823,0.51885,0.46508,0.42761,0.48116,0.50182,0.46754,15.429,10.989,10.989
145.28,0.63744,0.52303,0.35248,0.21947,0.3154,0.37763,0.42942,0.51195,0.62064,0.66877,0.68222,0.69021,0.85544,0.82139,1.8405,3.4148,6.0793,9.0839,11.324,11.98,10.801,8.225,5.1476,2.6811,1.2434,0.40532,0.48678,0.23758,0.2457,0.34752,0.41868,0.50813,0.56605,0.55702,0.49435,0.45368,0.55338,0.66428,0.68177,0.57671,0.34479,0.2523,0.3974,0.44325,0.43256,0.41036,0.51936,0.62379,0.65181,0.61414,0.53722,0.45394,0.38564,0.29468,15.429,10.936,10.936
144.32,0.70359,0.64367,0.56916,0.52879,0.52208,0.49713,0.3414,0.3689,0.6002,0.66224,0.51027,0.36069,0.84393,1.1216,2.0137,4.3634,7.4375,10.266,11.926,11.805,9.939,6.9968,3.9264,1.7697,1.0908,0.70789,0.57135,0.43161,0.41033,0.31564,0.29604,0.43708,0.4636,0.42011,0.40423,0.45423,0.54932,0.6317,0.64203,0.5644,0.43645,0.31322,0.20575,0.26723,0.43758,0.56799,0.6481,0.67131,0.64042,0.56677,0.4432,0.20662,0.28857,0.38569,15.429,10.884,10.884
143.36,0.57154,0.52994,0.47148,0.4379,0.54219,0.63341,0.68665,0.73731,0.77765,0.76294,0.71411,0.79571,0.36809,1.4578,3.017,5.638,8.7393,11.219,12.203,11.328,8.9173,5.8219,3.1178,1.4705,0.35447,0.64688,0.53142,0.59841,0.60625,0.60773,0.58882,0.54432,0.42852,0.25076,0.27505,0.1586,0.40576,0.57448,0.61467,0.54157,0.38552,0.19648,0.19975,0.29977,0.44362,0.56894,0.62637,0.58077,0.4112,0.3367,0.46304,0.49073,0.48319,0.45532,15.429,10.831,10.831
142.4,0.16542,0.33788,0.39555,0.37881,0.52853,0.68782,0.78088,0.81149,0.79253,0.72981,0.66543,0.49561,1.0464,1.8399,3.9051,6.9314,9.9235,11.898,12.143,10.562,7.7254,4.5652,2.1906,1.152,0.69689,0.35045,0.3662,0.57877,0.67666,0.66509,0.61666,0.577,0.56241,0.5431,0.52305,0.53169,0.56146,0.57679,0.56583,0.5176,0.41745,0.30028,0.26477,0.31338,0.40557,0.49228,0.54277,0.54618,0.51502,0.51001,0.56954,0.59816,0.54936,0.45216,15.429,10.777,10.777
141.44,0.44977,0.39477,0.4364,0.54425,0.61308,0.60985,0.5911,0.62859,0.60476,0.48566,0.40237,0.49718,1.0629,2.5489,5.0521,8.1944,10.898,12.247,11.742,9.5755,6.5243,3.5978,1.6192,0.56059,0.42838,0.45863,0.59056,0.64107,0.61306,0.53237,0.36208,0.28015,0.49298,0.59264,0.61993,0.59219,0.50939,0.36973,0.35883,0.46233,0.47049,0.3801,0.19513,0.21858,0.27026,0.33411,0.39505,0.39451,0.45772,0.58048,0.65088,0.64077,0.54539,0.3653,15.429,10.724,10.724
140.48,0.53055,0.38647,0.44466,0.61432,0.65581,0.53959,0.40478,0.51893,0.52372,0.33094,0.4114,0.85781,1.4756,3.2874,6.2198,9.3411,11.617,12.248,11.01,8.3658,5.2414,2.7408,1.3329,0.68819,0.56377,0.59754,0.65398,0.60376,0.44018,0.29782,0.39995,0.45777,0.49297,0.49093,0.47786,0.4821,0.43465,0.34222,0.33319,0.44138,0.53749,0.55431,0.50539,0.42578,0.35751,0.39207,0.41852,0.37259,0.43843,0.56816,0.61391,0.58209,0.52812,0.49397,15.429,10.67,10.67
139.52,0.56298,0.57398,0.63864,0.71902,0.77795,0.78874,0.75304,0.70585,0.62492,0.55218,0.40031,1.1636,2.3038,4.4679,7.5359,10.399,12.08,11.948,10.034,7.0198,3.9046,1.9419,1.0893,0.48478,0.72013,0.75112,0.72256,0.63115,0.51515,0.44467,0.48968,0.52818,0.49382,0.35474,0.25094,0.40573,0.44504,0.36948,0.25624,0.48338,0.64567,0.72322,0.71831,0.65642,0.57574,0.51096,0.49806,0.53809,0.58454,0.59164,0.52407,0.35921,0.21551,0.37835,15.429,10.616,10.616
138.56,0.32672,0.35579,0.46163,0.61968,0.7354,0.78696,0.77473,0.66439,0.50696,0.45196,0.38993,1.1289,2.8768,5.5677,8.68,11.196,12.243,11.428,9.0395,5.9039,2.9914,0.92266,0.90731,0.6469,0.48954,0.61001,0.6393,0.56363,0.42999,0.42191,0.47638,0.50705,0.50258,0.47168,0.4364,0.42678,0.44902,0.48769,0.54454,0.6311,0.72135,0.77108,0.75674,0.67489,0.52942,0.29948,0.29384,0.46027,0.51844,0.51622,0.47697,0.41086,0.35089,0.31599,15.429,10.562,10.562
137.6,0.27155,0.27888,0.37358,0.43702,0.48384,0.58816,0.621,0.57429,0.37338,0.42692,0.78262,1.1773,3.3233,6.4194,9.5187,11.66,12.096,10.68,7.9455,4.8514,2.5402,1.281,0.49738,0.59104,0.49305,0.59678,0.61661,0.49706,0.32125,0.29116,0.29407,0.34523,0.40228,0.40156,0.33005,0.15962,0.312,0.41699,0.45447,0.51112,0.6011,0.64292,0.6052,0.51955,0.45009,0.41587,0.4079,0.40189,0.34824,0.28805,0.34325,0.37876,0.34095,0.22331,15.429,10.507,10.507
136.64,0.43715,0.47454,0.47412,0.38711,0.34435,0.49929,0.54648,0.46631,0.44175,0.5339,1.2084,2.0769,4.2793,7.4589,10.347,11.976,11.749,9.7503,6.6982,3.5806,1.6312,1.0175,0.46343,0.27771,0.59727,0.69121,0.68852,0.60375,0.46422,0.3122,0.2156,0.26438,0.27948,0.24901,0.27973,0.32637,0.36522,0.35884,0.2549,0.29596,0.44805,0.48598,0.40264,0.20895,0.19655,0.2731,0.35925,0.38129,0.32103,0.25177,0.24024,0.26461,0.32824,0.35409,15.429,10.452,10.452
135.68,0.49613,0.53557,0.51538,0.50288,0.53182,0.52942,0.50217,0.44502,0.60669,0.38422,1.3441,2.9338,5.5694,8.6839,11.196,12.201,11.32,8.8662,5.6964,2.8318,1.0217,0.57123,0.48154,0.53471,0.68522,0.77422,0.74597,0.61358,0.41182,0.21645,0.28898,0.33545,0.32649,0.28428,0.33461,0.40398,0.40965,0.36425,0.33062,0.37207,0.43291,0.45504,0.42391,0.35373,0.27657,0.28733,0.39362,0.46302,0.45687,0.3774,0.26299,0.26081,0.32144,0.36795,15.429,10.397,10.397
134.72,0.5344,0.50123,0.38792,0.18755,0.45315,0.55633,0.50573,0.20345,0.72482,1.1284,1.3817,3.5124,6.6726,9.7959,11.906,12.261,10.742,7.9216,4.7457,2.3275,1.0308,0.27669,0.60048,0.69432,0.78249,0.79003,0.72027,0.58576,0.43217,0.32135,0.30973,0.35742,0.40686,0.44676,0.46684,0.4608,0.41884,0.32644,0.21541,0.33032,0.39626,0.3825,0.36892,0.40887,0.44439,0.47228,0.50721,0.54545,0.56443,0.5412,0.4693,0.34812,0.097936,0.32566,15.429,10.342,10.342
133.76,0.26279,0.41851,0.51665,0.55986,0.59767,0.59188,0.54661,0.68857,0.68387,1.5522,2.697,4.9327,8.1121,10.969,12.484,12.09,9.9243,6.771,3.6953,1.7783,0.67941,0.56415,0.48594,0.63473,0.70228,0.67636,0.5618,0.44369,0.35953,0.28565,0.20721,0.22474,0.34915,0.43326,0.4527,0.39616,0.30868,0.32923,0.38863,0.42225,0.40786,0.32522,0.26538,0.39115,0.45614,0.4326,0.34144,0.40365,0.5381,0.60448,0.60718,0.56873,0.53289,0.51627,15.429,10.286,10.286
132.8,0.48277,0.52287,0.59584,0.6478,0.65698,0.60206,0.46527,0.4665,0.69408,1.4054,3.4488,6.3672,9.579,12.036,12.857,11.714,9.002,5.6107,2.628,1.2384,0.88673,0.44796,0.4476,0.59618,0.61726,0.50306,0.33907,0.15142,0.16227,0.16875,0.13995,0.18732,0.29875,0.39101,0.4183,0.37547,0.29572,0.32754,0.39077,0.40617,0.40483,0.41634,0.43368,0.43206,0.40215,0.37131,0.35705,0.42069,0.51433,0.53386,0.50835,0.56326,0.64029,0.6542,15.429,10.23,10.23
131.84,0.51576,0.47314,0.43629,0.52756,0.59359,0.57901,0.56671,0.48209,1.0701,1.8985,4.2515,7.6069,10.798,12.8,12.908,11.101,8.0564,4.7797,2.3221,0.79108,0.80943,0.71909,0.70801,0.65011,0.53275,0.3895,0.26968,0.19187,0.072164,0.094395,0.14304,0.20111,0.33052,0.40495,0.40032,0.34101,0.3311,0.37427,0.38133,0.30636,0.048994,0.3414,0.42404,0.3976,0.26174,0.20258,0.39557,0.50683,0.55015,0.49542,0.36051,0.47748,0.62628,0.68493,15.429,10.174,10.174
130.88,0.45936,0.441,0.39041,0.4607,0.48548,0.492,0.5189,1.0428,1.7137,3.0639,5.7441,9.1369,11.973,13.263,12.542,10.085,6.7688,3.7398,1.8828,0.89827,0.41186,0.62177,0.68564,0.64455,0.51685,0.34942,0.26993,0.33327,0.34616,0.35052,0.37736,0.41366,0.44709,0.45457,0.41518,0.31721,0.30804,0.37442,0.37106,0.33863,0.34774,0.40489,0.45664,0.45887,0.40648,0.32475,0.29627,0.46825,0.58886,0.6142,0.56763,0.50734,0.53506,0.60294,15.429,10.117,10.117
129.92,0.46738,0.56339,0.60754,0.60637,0.56472,0.5817,0.69608,1.0414,2.3593,4.4312,7.5018,10.705,12.922,13.323,11.738,8.742,5.3364,2.6921,1.1818,0.7767,0.55524,0.63263,0.60691,0.50257,0.41219,0.43278,0.49383,0.55091,0.58738,0.59196,0.5509,0.45504,0.33064,0.3777,0.461,0.49401,0.48789,0.44031,0.32537,0.078711,0.29795,0.37628,0.42735,0.47772,0.4993,0.47144,0.47374,0.58761,0.68359,0.68531,0.57146,0.37113,0.43073,0.51918,15.429,10.06,10.06
128.96,0.5035,0.56774,0.58598,0.54257,0.46233,0.52471,1.0856,1.0413,2.3944,5.3478,8.8426,11.845,13.385,12.907,10.589,7.2661,4.0612,1.9741,0.97503,0.48515,0.56833,0.59565,0.5754,0.43689,0.29555,0.33939,0.4618,0.61531,0.71709,0.72941,0.64729,0.49003,0.34077,0.33003,0.39498,0.4808,0.52451,0.50663,0.44634,0.38172,0.31865,0.20689,0.22129,0.36903,0.4684,0.55038,0.62231,0.6777,0.70246,0.69608,0.66388,0.60905,0.52628,0.40754,15.429,10.003,10.003
128,0.39559,0.29749,0.50012,0.53682,0.46989,0.48651,1.0701,2.0205,3.6499,6.7087,10.135,12.675,13.428,12.117,9.2236,5.7549,2.9747,1.474,0.54576,0.42143,0.40536,0.56267,0.61641,0.59186,0.47945,0.33869,0.45194,0.62975,0.73345,0.75288,0.70055,0.59479,0.44226,0.23994,0.32576,0.41763,0.44265,0.45533,0.44555,0.38316,0.29404,0.25641,0.28514,0.30827,0.28567,0.38482,0.51066,0.54761,0.49531,0.44953,0.51726,0.56213,0.53162,0.43643,15.429,9.9449,9.9449
127.04,0.67328,0.64704,0.63817,0.56038,0.45229,0.62277,0.76053,2.4152,4.9042,8.2436,11.377,13.252,13.16,11.119,7.8547,4.4075,1.9445,1.0911,0.66198,0.3785,0.48401,0.59612,0.65496,0.62132,0.55745,0.52444,0.56801,0.6314,0.64132,0.58799,0.53749,0.54109,0.53558,0.50227,0.45821,0.37357,0.15156,0.30893,0.40698,0.38943,0.2846,0.27804,0.35954,0.36052,0.33452,0.37981,0.4165,0.40665,0.35072,0.30643,0.38257,0.43401,0.44734,0.4696,15.429,9.8869,9.8869
126.08,0.89513,0.87829,0.84148,0.76071,0.51221,0.8343,1.3243,2.9768,5.9907,9.4786,12.281,13.451,12.572,9.9798,6.6078,3.5909,1.5717,0.51858,0.49419,0.41726,0.48886,0.59777,0.60962,0.53693,0.35843,0.1991,0.43251,0.51627,0.4902,0.3584,0.18575,0.37037,0.45706,0.47345,0.45629,0.43511,0.42009,0.41851,0.4204,0.42401,0.43722,0.45118,0.46007,0.46094,0.44682,0.40197,0.29528,0.1947,0.34689,0.40991,0.38524,0.25391,0.18483,0.28476,15.429,9.8286,9.8286
125.12,0.77264,0.71379,0.67271,0.72045,0.89094,0.84958,1.7467,3.9395,7.2646,10.63,12.919,13.307,11.651,8.5625,5.0995,2.6634,1.6115,0.77137,0.64812,0.41888,0.54467,0.60613,0.559,0.4097,0.3175,0.3395,0.38615,0.4354,0.44007,0.37166,0.25599,0.30794,0.39021,0.35714,0.11186,0.36559,0.4617,0.42838,0.26733,0.24987,0.39901,0.44281,0.41283,0.33198,0.34432,0.39789,0.38622,0.36406,0.3805,0.41188,0.43049,0.41787,0.38744,0.34612,15.429,9.7699,9.7699
124.16,0.35766,0.43136,0.24293,0.68468,0.52152,1.3762,2.675,5.2296,8.6875,11.755,13.375,12.938,10.601,7.2003,3.8406,1.5336,0.85345,1.0409,0.87639,0.84918,0.83085,0.76589,0.59115,0.36122,0.29382,0.23504,0.18537,0.37117,0.43542,0.42319,0.37812,0.39945,0.45062,0.47053,0.48381,0.5249,0.55586,0.53021,0.45843,0.38897,0.31942,0.31699,0.36771,0.35679,0.38386,0.46894,0.49346,0.4247,0.23045,0.29558,0.4519,0.50886,0.51487,0.51477,15.429,9.7109,9.7109
123.2,0.51707,0.58758,0.73616,0.82096,1.1881,1.5248,3.4589,6.6391,10.127,12.764,13.621,12.385,9.5115,5.9902,3.0326,1.3875,0.69162,0.50448,0.87978,0.98592,0.9695,0.86909,0.74464,0.61582,0.50281,0.42507,0.3795,0.3571,0.38667,0.43945,0.46149,0.4508,0.43791,0.44719,0.47957,0.5352,0.59555,0.61722,0.57155,0.45951,0.32168,0.30538,0.40064,0.49306,0.55433,0.57152,0.54581,0.5014,0.46838,0.47813,0.50187,0.48315,0.4032,0.33396,15.429,9.6515,9.6515
122.24,0.65782,0.74767,0.6637,0.63626,1.218,2.5752,4.8785,8.2695,11.543,13.565,13.58,11.57,8.267,4.7698,2.3138,0.92095,0.69684,0.63543,0.81862,0.89278,0.83767,0.67826,0.5715,0.60409,0.5958,0.51767,0.39034,0.21282,0.29314,0.39124,0.39631,0.30624,0.12657,0.26516,0.24687,0.27279,0.47821,0.59673,0.6183,0.54902,0.40395,0.097513,0.38444,0.53927,0.59081,0.53522,0.38982,0.33914,0.43699,0.47617,0.46346,0.40237,0.30396,0.24563,15.429,9.5917,9.5917
121.28,0.76367,0.76575,0.79186,0.48835,1.2807,3.2097,6.2338,9.7941,12.724,14.019,13.197,10.544,6.9651,3.5856,1.5124,1.1468,0.68555,0.75306,0.74864,0.7782,0.71482,0.55662,0.43955,0.51924,0.54171,0.48362,0.38955,0.3379,0.35382,0.37199,0.35796,0.32161,0.29202,0.28242,0.29196,0.35078,0.44853,0.54451,0.59602,0.58061,0.51421,0.47043,0.51736,0.597,0.62179,0.55372,0.42476,0.34588,0.32004,0.313,0.33017,0.32855,0.28798,0.16699,15.429,9.5316,9.5316
120.32,0.67991,0.52529,0.52521,1.2109,1.9345,4.1082,7.5591,11.078,13.518,14.025,12.429,9.3371,5.8152,3.0492,1.2888,0.72713,0.72513,0.40501,0.45993,0.63122,0.6591,0.59307,0.52148,0.46512,0.42968,0.39918,0.30298,0.22212,0.33424,0.33649,0.25304,0.19443,0.24864,0.27661,0.28561,0.28983,0.318,0.39597,0.49259,0.53324,0.46702,0.23822,0.42856,0.59856,0.65271,0.61662,0.51429,0.36803,0.18984,0.17224,0.19207,0.15353,0.22244,0.31435,15.429,9.4711,9.4711
119.36,0.79363,0.73799,0.76883,1.0062,2.6978,5.4263,9.0092,12.217,13.959,13.584,11.224,7.7356,4.3336,2.332,1.2848,0.38691,0.5576,0.68906,0.70008,0.6449,0.46786,0.29253,0.35375,0.2995,0.1182,0.34861,0.43993,0.47232,0.45844,0.39317,0.28221,0.18467,0.050279,0.22819,0.23423,0.16356,0.1871,0.1588,0.39137,0.50892,0.53766,0.53599,0.57145,0.61005,0.59511,0.53592,0.4717,0.3982,0.30825,0.22595,0.17297,0.15233,0.19564,0.28234,15.429,9.4102,9.4102
118.4,0.77221,0.76067,1.0715,1.7222,3.4948,6.7278,10.338,13.107,14.065,12.859,9.9185,6.2374,2.9979,1.1305,1.0775,0.78374,0.8183,0.84937,0.81928,0.68766,0.51429,0.36799,0.31908,0.32124,0.35117,0.41883,0.4954,0.54152,0.55316,0.53676,0.50235,0.46513,0.45417,0.46858,0.4799,0.4749,0.46799,0.4906,0.51968,0.50306,0.4661,0.51486,0.57892,0.56112,0.439,0.20583,0.30706,0.36847,0.31704,0.16872,0.16903,0.2273,0.17276,0.20454,15.429,9.3489,9.3489
117.44,0.59382,0.61192,0.54787,2.1546,4.6373,8.1392,11.54,13.71,13.859,11.937,8.6618,5.1306,2.5217,1.0179,0.30795,0.5379,0.69406,0.82376,0.82343,0.71378,0.52875,0.33118,0.25908,0.20743,0.19341,0.38115,0.46859,0.46574,0.41213,0.44032,0.53459,0.60231,0.63295,0.63346,0.61123,0.58707,0.58627,0.59997,0.5833,0.49239,0.35538,0.44761,0.5393,0.52764,0.43354,0.32599,0.3109,0.37618,0.41361,0.40528,0.38593,0.37643,0.37114,0.37434,15.429,9.2872,9.2872
116.48,0.67222,0.97129,1.4618,2.7787,5.7679,9.4571,12.556,14.023,13.321,10.714,7.1504,3.9015,2.0399,0.79378,0.57417,0.54894,0.69279,0.7894,0.7404,0.60173,0.47513,0.3866,0.35288,0.40325,0.45081,0.48428,0.44671,0.32494,0.19498,0.26309,0.4439,0.55744,0.58763,0.55748,0.49175,0.37524,0.33991,0.49103,0.56839,0.57207,0.53737,0.50256,0.49545,0.5045,0.47099,0.35922,0.3464,0.46184,0.50412,0.47876,0.42886,0.39823,0.38279,0.36293,15.429,9.225,9.225
115.52,0.38237,0.62559,1.9616,4.0023,7.2798,10.827,13.416,14.097,12.599,9.4381,5.6466,2.4767,1.4213,1.0203,0.54252,0.68478,0.78394,0.79937,0.70402,0.4592,0.37528,0.53959,0.60547,0.636,0.64528,0.61223,0.5223,0.3843,0.29046,0.39402,0.47769,0.49049,0.4155,0.26603,0.29723,0.35769,0.39356,0.46035,0.48898,0.45641,0.39884,0.31948,0.15157,0.3862,0.51627,0.57382,0.59665,0.59627,0.54597,0.41159,0.12669,0.28285,0.3002,0.16389,15.429,9.1625,9.1625
114.56,0.87796,1.018,2.24,4.9954,8.6431,12.015,14.023,13.942,11.806,8.3945,4.8156,2.1857,0.46773,0.77242,0.20396,0.547,0.73538,0.80609,0.77131,0.69861,0.62971,0.60024,0.60101,0.61754,0.6312,0.62013,0.5744,0.50662,0.45601,0.44698,0.45054,0.4208,0.35724,0.30623,0.3303,0.40382,0.44324,0.4165,0.35896,0.30589,0.16519,0.26242,0.39388,0.4931,0.55401,0.54962,0.53702,0.57089,0.57826,0.52426,0.44345,0.38105,0.33668,0.31009,15.429,9.0995,9.0995
113.6,0.59658,1.3601,3.1077,6.2145,9.927,12.97,14.3,13.44,10.715,7.1046,3.8412,1.9072,0.89577,0.39337,0.54181,0.58693,0.65375,0.66189,0.64001,0.5862,0.49984,0.36926,0.30847,0.36172,0.39428,0.43361,0.46878,0.42341,0.22972,0.2921,0.39086,0.34755,0.19906,0.19425,0.31736,0.40734,0.4432,0.39085,0.26313,0.34085,0.43864,0.5151,0.59434,0.63433,0.58396,0.41374,0.27824,0.45918,0.53285,0.54304,0.49512,0.38457,0.21372,0.23348,15.429,9.0361,9.0361
112.64,1.1011,1.937,4.0875,7.5872,11.194,13.721,14.262,12.616,9.3734,5.6236,2.7043,1.3527,0.58883,0.379,0.38096,0.49107,0.54161,0.43421,0.18639,0.38778,0.3765,0.25113,0.085112,0.18655,0.2099,0.18091,0.37474,0.47229,0.4953,0.49927,0.48858,0.42595,0.31806,0.17779,0.22767,0.38667,0.47794,0.51715,0.52755,0.53772,0.55918,0.59294,0.64073,0.67523,0.66316,0.59759,0.49949,0.37419,0.32764,0.4256,0.46961,0.44941,0.39593,0.36736,15.429,8.9722,8.9722
111.68,1.1437,2.7086,5.4034,9.0325,12.346,14.218,13.95,11.632,8.094,4.4718,1.9433,0.73046,0.7258,0.50957,0.55428,0.61058,0.61212,0.56612,0.51851,0.49525,0.45059,0.37173,0.30789,0.32448,0.37879,0.44719,0.51523,0.55428,0.56163,0.56971,0.58511,0.57291,0.5183,0.45097,0.40514,0.37289,0.40698,0.49041,0.53229,0.5075,0.4119,0.31866,0.43945,0.54956,0.60349,0.60875,0.55479,0.45055,0.39674,0.375,0.27513,0.40215,0.52763,0.56584,15.429,8.9079,8.9079
110.72,1.1593,3.1386,6.4795,10.23,13.207,14.397,13.366,10.496,6.8061,3.5452,1.6071,0.67293,0.30331,0.56765,0.56589,0.53718,0.52515,0.56111,0.59315,0.58126,0.51884,0.39227,0.15314,0.34264,0.4946,0.57192,0.57402,0.49582,0.34069,0.31288,0.49615,0.60121,0.62236,0.56675,0.44686,0.28865,0.32817,0.41585,0.42564,0.37128,0.31577,0.31132,0.3606,0.37187,0.35083,0.44071,0.53662,0.58174,0.57819,0.53451,0.49841,0.55097,0.62587,0.65713,15.429,8.8431,8.8431
109.76,1.8921,4.1008,7.6987,11.355,13.863,14.324,12.567,9.2317,5.4183,2.5269,1.4038,0.57351,0.56501,0.19607,0.36105,0.40461,0.2041,0.4133,0.50401,0.49255,0.47026,0.4735,0.48102,0.53692,0.60805,0.61905,0.5405,0.3897,0.26132,0.32644,0.45697,0.5589,0.59418,0.56378,0.48791,0.39559,0.32833,0.33671,0.35802,0.30578,0.20004,0.34729,0.41316,0.38022,0.33459,0.36996,0.37569,0.45302,0.5745,0.64062,0.64771,0.6151,0.5654,0.53435,15.429,8.7779,8.7779
108.8,2.499,5.34,9.1256,12.529,14.406,14.075,11.666,8.0629,4.435,1.8707,0.68821,0.93473,0.6943,0.62669,0.63441,0.61222,0.58733,0.52418,0.41367,0.25307,0.17893,0.39722,0.52926,0.59508,0.60655,0.58552,0.5342,0.43478,0.34326,0.38716,0.43331,0.45449,0.46394,0.43639,0.36829,0.29689,0.20368,0.24579,0.35603,0.40682,0.43243,0.46404,0.50342,0.52727,0.51313,0.44116,0.3421,0.40894,0.50933,0.56004,0.55767,0.46891,0.25249,0.25154,15.429,8.7121,8.7121
107.84,3.6993,6.9439,10.726,13.689,14.778,13.589,10.56,6.7511,3.492,1.7448,0.8551,0.47191,0.64402,0.75531,0.76915,0.73674,0.64653,0.53183,0.38529,0.14942,0.2684,0.42803,0.51554,0.50067,0.36988,0.35309,0.46319,0.48541,0.45966,0.40759,0.28419,0.17795,0.34296,0.32619,0.16573,0.1829,0.25276,0.32102,0.40011,0.43178,0.37703,0.31336,0.43555,0.52833,0.55403,0.53486,0.49454,0.43824,0.35096,0.3201,0.41479,0.46144,0.44096,0.39425,15.429,8.6459,8.6459
106.88,5.0714,8.7239,12.325,14.661,14.862,12.831,9.2871,5.3787,2.4725,1.1007,0.69876,0.52952,0.66285,0.77448,0.74078,0.54706,0.44529,0.49732,0.47054,0.41704,0.41752,0.46863,0.51545,0.51527,0.47135,0.4578,0.46767,0.38892,0.19354,0.36959,0.45662,0.48537,0.50155,0.48515,0.43513,0.3724,0.30498,0.382,0.50082,0.5246,0.45537,0.39637,0.40513,0.41898,0.44429,0.43889,0.38412,0.31169,0.26946,0.28316,0.38028,0.45369,0.46256,0.42754,15.429,8.5791,8.5791
105.92,6.3744,10.281,13.605,15.231,14.565,11.846,8.0348,4.3527,1.8231,0.83968,0.85056,0.93009,0.95369,0.89409,0.7463,0.56587,0.47017,0.49945,0.46437,0.32463,0.27004,0.36394,0.4099,0.47548,0.53908,0.55713,0.52563,0.47413,0.45366,0.51047,0.59572,0.64497,0.63433,0.5765,0.51573,0.51747,0.57436,0.64938,0.70444,0.70356,0.63611,0.50194,0.29347,0.22383,0.32305,0.28655,0.19967,0.16618,0.11569,0.31448,0.42758,0.46563,0.412,0.23512,15.429,8.5118,8.5118
104.96,7.7565,11.64,14.496,15.327,13.834,10.566,6.6422,3.406,1.6556,0.90805,0.86092,0.95444,0.96805,0.85797,0.65224,0.54198,0.58279,0.58469,0.52218,0.42638,0.36257,0.3073,0.1705,0.35534,0.4827,0.51297,0.44562,0.32597,0.40292,0.53151,0.61503,0.64541,0.61043,0.49525,0.25347,0.37204,0.59213,0.72639,0.7843,0.7626,0.67248,0.55472,0.45651,0.40356,0.37308,0.32056,0.25939,0.26646,0.32711,0.39598,0.44663,0.4638,0.44925,0.42453,15.429,8.444,8.444
104,9.1706,12.82,15.019,14.978,12.717,9.0605,5.2239,2.5005,1.0245,0.54951,0.64779,0.87278,0.9507,0.83841,0.61815,0.49871,0.55557,0.54354,0.51002,0.49893,0.46725,0.39962,0.33135,0.35708,0.45711,0.49942,0.45167,0.37318,0.36817,0.39374,0.45837,0.514,0.5036,0.44123,0.40044,0.44523,0.54402,0.63971,0.69036,0.66062,0.54072,0.36178,0.30782,0.37118,0.39635,0.38992,0.36259,0.33818,0.33952,0.36361,0.37553,0.35588,0.32817,0.3597,15.429,8.3756,8.3756
103.04,10.572,13.766,15.167,14.255,11.358,7.4936,3.9317,1.8436,1.0199,0.51358,0.73159,0.86318,0.90942,0.87615,0.76515,0.65331,0.55012,0.38542,0.18935,0.4331,0.50616,0.47214,0.37076,0.38578,0.49668,0.54203,0.51558,0.43088,0.29526,0.12015,0.28219,0.37536,0.40139,0.3204,0.19188,0.34612,0.34865,0.38722,0.51677,0.54992,0.47355,0.3313,0.21919,0.18918,0.30502,0.36437,0.32641,0.17755,0.18437,0.25647,0.22569,0.17047,0.14323,0.20849,15.429,8.3067,8.3067
102.08,11.687,14.337,14.933,13.25,9.9046,6.0516,3.0172,1.2035,0.70159,0.4992,0.62205,0.79337,0.81246,0.68808,0.51771,0.41803,0.46747,0.50653,0.50684,0.50067,0.48183,0.48177,0.50777,0.53396,0.54157,0.5159,0.45357,0.37256,0.29951,0.24581,0.19755,0.24203,0.35787,0.43746,0.47178,0.45817,0.41389,0.43397,0.49121,0.49592,0.44529,0.37565,0.31353,0.30303,0.37149,0.41061,0.3844,0.30666,0.23259,0.22427,0.22936,0.2047,0.24329,0.30338,15.429,8.2372,8.2372
101.12,12.502,14.595,14.435,12.086,8.3954,4.5928,2.2097,1.262,0.51755,0.71752,0.75826,0.77399,0.66286,0.44819,0.26438,0.29257,0.40064,0.51627,0.54327,0.46081,0.24531,0.2924,0.41882,0.43679,0.41779,0.38416,0.30754,0.19671,0.16352,0.13341,0.14004,0.22176,0.36596,0.48943,0.56175,0.58473,0.5681,0.52249,0.45082,0.37168,0.31566,0.23026,0.22002,0.3743,0.47656,0.52546,0.50528,0.41903,0.3126,0.33453,0.38955,0.40922,0.39038,0.30656,15.429,8.1671,8.1671
100.16,13.312,14.761,13.886,11,7.1189,3.4603,1.3232,0.79689,0.60534,0.71972,0.82936,0.79713,0.65503,0.48077,0.36232,0.40613,0.49437,0.53644,0.52757,0.48276,0.43537,0.41206,0.38126,0.27107,0.15565,0.30098,0.29848,0.22903,0.19254,0.18987,0.21755,0.31634,0.4239,0.49955,0.5275,0.50721,0.47544,0.44126,0.35146,0.1666,0.23231,0.27331,0.30089,0.38963,0.50369,0.58462,0.6042,0.56873,0.51281,0.47405,0.47358,0.49609,0.50298,0.47771,15.429,8.0964,8.0964
99.197,14.133,14.885,13.335,10.044,6.1266,2.8531,1.0959,0.37723,0.7343,0.82134,0.87705,0.80101,0.60212,0.27458,0.3655,0.43315,0.41603,0.4238,0.43074,0.36568,0.27488,0.3606,0.4223,0.42814,0.41708,0.40687,0.37567,0.31116,0.22886,0.20991,0.28366,0.35788,0.39352,0.39786,0.3858,0.32665,0.05686,0.33456,0.43157,0.44036,0.41276,0.3525,0.17265,0.32158,0.48967,0.56157,0.55801,0.508,0.44158,0.33507,0.23478,0.41718,0.51347,0.53198,15.429,8.025,8.025
98.237,14.807,14.82,12.623,9.0124,5.1682,2.3373,0.67341,0.59518,0.31985,0.75512,0.90251,0.89326,0.74468,0.5789,0.49035,0.40258,0.2474,0.30678,0.38636,0.36676,0.3287,0.35907,0.40735,0.44029,0.45489,0.44589,0.40161,0.32211,0.22807,0.2073,0.29352,0.33909,0.30417,0.14493,0.22551,0.32778,0.38866,0.45618,0.5203,0.54793,0.52688,0.47925,0.45317,0.47159,0.48627,0.4586,0.39835,0.29509,0.16762,0.33769,0.42071,0.49656,0.51457,0.41709,15.429,7.953,7.953
97.276,15.234,14.469,11.629,7.7225,4.0454,2.0144,1.0575,0.8347,0.79884,0.91238,0.97846,0.92744,0.8018,0.62781,0.47597,0.42633,0.44108,0.45342,0.44356,0.3997,0.32011,0.27312,0.30442,0.29433,0.27354,0.36001,0.39805,0.33714,0.16245,0.23748,0.34918,0.38373,0.36057,0.30893,0.26542,0.26482,0.35715,0.45693,0.52102,0.53065,0.47747,0.37099,0.35241,0.44534,0.46518,0.36548,0.20062,0.37122,0.45397,0.53616,0.61109,0.63008,0.58505,0.49922,15.429,7.8804,7.8804
96.316,15.429,13.896,10.531,6.4651,2.9961,1.0203,0.89223,0.7923,0.90084,0.91068,0.85544,0.77481,0.65378,0.50079,0.28558,0.29167,0.41954,0.45388,0.42857,0.3596,0.25847,0.19047,0.2178,0.24791,0.28057,0.3862,0.47917,0.49945,0.46717,0.43828,0.41241,0.38179,0.36446,0.33691,0.26756,0.2309,0.31013,0.3541,0.38189,0.41792,0.41253,0.35193,0.33645,0.40147,0.47105,0.53021,0.57791,0.63786,0.69752,0.71424,0.66939,0.58169,0.51312,0.49143,15.429,7.8071,7.8071
95.356,15.374,13.132,9.3989,5.4015,2.5159,0.97325,0.58091,0.54191,0.68061,0.65304,0.49074,0.44296,0.44853,0.32115,0.33261,0.42005,0.43483,0.36497,0.23783,0.29626,0.33353,0.29497,0.1909,0.25845,0.42054,0.54931,0.63261,0.65461,0.60793,0.49056,0.30213,0.15893,0.26497,0.28174,0.31037,0.3378,0.31723,0.21012,0.18798,0.3021,0.34625,0.38273,0.38205,0.27807,0.29243,0.51888,0.66281,0.74191,0.75909,0.70512,0.56748,0.34176,0.18045,0.31572,15.429,7.7331,7.7331
94.396,15.009,12.115,8.1068,4.2575,1.8288,0.96059,0.39639,0.599,0.65829,0.61683,0.5352,0.49399,0.50867,0.47843,0.47934,0.51186,0.4923,0.41648,0.33779,0.33135,0.35119,0.37179,0.40422,0.46517,0.54939,0.62054,0.6598,0.66614,0.63234,0.55109,0.43543,0.33599,0.25483,0.16612,0.27179,0.33633,0.35364,0.35318,0.35324,0.32153,0.19574,0.32464,0.45157,0.49516,0.5359,0.58328,0.56581,0.55186,0.62351,0.63109,0.52642,0.36215,0.27013,0.28465,15.429,7.6584,7.6584
93.436,14.3,10.884,6.8047,3.4323,1.39,0.68941,0.47746,0.59511,0.64019,0.60973,0.55762,0.59837,0.6389,0.64017,0.59547,0.52409,0.46466,0.43221,0.3975,0.32826,0.19801,0.25766,0.39111,0.46954,0.50508,0.50104,0.45436,0.43563,0.50848,0.54047,0.4939,0.39947,0.32692,0.32309,0.34228,0.32972,0.25348,0.24976,0.36925,0.44471,0.49406,0.54988,0.60802,0.64695,0.65496,0.6134,0.49897,0.4229,0.57123,0.64088,0.58191,0.43268,0.36097,0.39119,15.429,7.5829,7.5829
92.476,13.254,9.4218,5.3756,2.5572,1.3063,0.73029,0.78354,0.76651,0.6918,0.48757,0.35029,0.54068,0.61665,0.60441,0.50924,0.32192,0.19037,0.2971,0.30396,0.30108,0.29792,0.32166,0.35444,0.3364,0.27338,0.2956,0.30778,0.29953,0.4168,0.49455,0.47717,0.35788,0.18672,0.32596,0.36493,0.33332,0.28502,0.29866,0.37924,0.46087,0.52957,0.58394,0.5992,0.54996,0.48015,0.52467,0.60132,0.64276,0.65902,0.66035,0.65483,0.63733,0.6034,0.54506,15.429,7.5067,7.5067
91.516,11.996,7.9121,4.1214,1.8587,0.74157,0.39645,0.57427,0.75383,0.79435,0.7295,0.60917,0.44533,0.40579,0.50519,0.50766,0.42985,0.34248,0.26346,0.17134,0.2824,0.33103,0.27981,0.22848,0.29032,0.29701,0.33044,0.39451,0.42025,0.41662,0.43285,0.46985,0.48342,0.47227,0.44604,0.38396,0.24374,0.19486,0.32055,0.35079,0.32255,0.3247,0.41574,0.48258,0.45586,0.35746,0.4364,0.53158,0.54851,0.49686,0.41674,0.4582,0.55743,0.60913,0.61511,15.429,7.4297,7.4297
90.556,10.69,6.482,3.0326,1.4109,0.74143,0.54214,0.63442,0.75897,0.80174,0.78257,0.69043,0.55381,0.50251,0.52701,0.48396,0.38859,0.34766,0.38124,0.41338,0.4402,0.43786,0.39962,0.37834,0.43089,0.48114,0.49347,0.45895,0.36724,0.18639,0.2451,0.37813,0.4443,0.47834,0.49116,0.46601,0.41567,0.38562,0.36663,0.2984,0.17477,0.078286,0.24519,0.42605,0.5232,0.53753,0.47484,0.36703,0.34177,0.3521,0.31344,0.34496,0.39922,0.41881,0.45294,15.429,7.3519,7.3519
89.596,9.4795,5.3647,2.2501,0.98585,0.46162,0.74234,0.7438,0.5874,0.47325,0.65333,0.72442,0.68798,0.61251,0.54054,0.46187,0.34409,0.30862,0.41029,0.46689,0.48092,0.48017,0.48533,0.50904,0.53721,0.54569,0.51294,0.43625,0.33351,0.2575,0.28089,0.32797,0.29768,0.23306,0.39958,0.48849,0.48132,0.41521,0.3619,0.36213,0.36348,0.36882,0.43732,0.53607,0.59117,0.56859,0.47106,0.33491,0.30834,0.33506,0.32081,0.31537,0.30338,0.20145,0.27001,15.429,7.2733,7.2733
88.636,8.1577,4.4277,2.1909,0.89809,1.0192,0.89415,0.84158,0.7261,0.64469,0.66992,0.65354,0.54598,0.3726,0.34402,0.4258,0.44214,0.42749,0.40227,0.36507,0.32786,0.3124,0.29798,0.35187,0.4493,0.47934,0.42156,0.31502,0.2611,0.21348,0.26569,0.35128,0.38058,0.40837,0.48191,0.52667,0.48392,0.33663,0.20807,0.33581,0.40627,0.46881,0.53301,0.5747,0.57492,0.53341,0.4728,0.42604,0.38285,0.31711,0.20315,0.19556,0.30947,0.38003,0.42155,15.429,7.1938,7.1938
87.676,6.5749,3.1173,1.5417,0.88143,0.71607,0.90432,0.88723,0.8023,0.70511,0.61796,0.52746,0.431,0.35022,0.34176,0.38404,0.37458,0.2805,0.22728,0.2546,0.1942,0.20653,0.24309,0.31292,0.40301,0.42569,0.3781,0.28537,0.27581,0.37217,0.43192,0.44281,0.40089,0.39844,0.52123,0.61035,0.60569,0.51665,0.36957,0.14955,0.31458,0.37539,0.38018,0.448,0.47095,0.37495,0.1671,0.30592,0.33934,0.3005,0.26384,0.27503,0.3261,0.38373,0.4354,15.429,7.1134,7.1134
86.716,5.3443,2.2915,0.8436,0.81094,0.66964,0.74226,0.72321,0.55649,0.36869,0.38374,0.38491,0.26269,0.20079,0.36783,0.41026,0.37143,0.29279,0.25202,0.29109,0.34555,0.38538,0.42334,0.449,0.44112,0.38265,0.28129,0.29018,0.4006,0.48981,0.53743,0.52176,0.44035,0.41269,0.56467,0.6975,0.74674,0.7042,0.60016,0.508,0.45863,0.37774,0.32046,0.40676,0.46069,0.45107,0.40928,0.37063,0.29954,0.13579,0.14893,0.12682,0.21406,0.29907,0.29715,15.429,7.0321,7.0321
85.756,4.3359,1.8322,0.84978,0.23876,0.66351,0.71312,0.61913,0.46436,0.2743,0.20936,0.29129,0.36811,0.41129,0.44586,0.44981,0.39644,0.28435,0.13754,0.27851,0.37762,0.4393,0.45698,0.43201,0.37931,0.3325,0.29144,0.32032,0.43422,0.52547,0.55668,0.52736,0.47946,0.49724,0.59988,0.70708,0.76716,0.76726,0.72081,0.64951,0.56764,0.48784,0.42665,0.40896,0.434,0.46489,0.47639,0.4586,0.4148,0.36624,0.33389,0.33131,0.3524,0.33965,0.27315,15.429,6.9499,6.9499
84.796,3.5139,1.3223,0.78277,0.48596,0.62712,0.68223,0.64334,0.49872,0.32762,0.24347,0.31138,0.38968,0.44857,0.45711,0.41989,0.38416,0.3504,0.31386,0.29442,0.28942,0.37458,0.41742,0.34255,0.099962,0.24409,0.27241,0.30662,0.42059,0.4975,0.49573,0.40713,0.22458,0.24296,0.43669,0.57666,0.63166,0.58207,0.50466,0.52519,0.51551,0.39375,0.14156,0.23885,0.21992,0.31025,0.40538,0.40867,0.37443,0.40007,0.45188,0.48567,0.49985,0.49932,0.47631,15.429,6.8666,6.8666
83.836,2.7242,1.4322,0.57906,0.72035,0.68517,0.63494,0.55589,0.49643,0.42183,0.3029,0.14869,0.37098,0.45943,0.42853,0.26614,0.26286,0.40335,0.4389,0.4056,0.3767,0.46287,0.52768,0.51489,0.45588,0.39008,0.31796,0.33129,0.40929,0.4402,0.41706,0.36409,0.28701,0.13857,0.31571,0.46964,0.52569,0.47273,0.37164,0.44395,0.50903,0.48635,0.41371,0.35318,0.33506,0.37322,0.4085,0.38144,0.2912,0.37286,0.47222,0.46733,0.39995,0.45274,0.5517,15.429,6.7824,6.7824
82.876,1.6839,1.0334,0.4781,0.37741,0.546,0.47283,0.14367,0.3715,0.43912,0.42247,0.42932,0.48359,0.53959,0.54947,0.5118,0.45991,0.40524,0.40942,0.50464,0.59685,0.66155,0.69114,0.67072,0.59764,0.48906,0.39191,0.38126,0.40271,0.36095,0.24674,0.22475,0.27036,0.30685,0.38362,0.46918,0.5065,0.49202,0.47823,0.50367,0.53133,0.52209,0.47939,0.43174,0.40558,0.389,0.38394,0.41572,0.4689,0.51644,0.53368,0.49818,0.42856,0.48833,0.59185,15.429,6.6971,6.6971
81.916,1.6827,0.54473,0.83362,0.7167,0.63996,0.52932,0.47619,0.45566,0.42597,0.31304,0.27837,0.46445,0.55914,0.58745,0.57052,0.51333,0.40299,0.37405,0.5322,0.62504,0.64208,0.63665,0.64446,0.61666,0.5098,0.34018,0.37166,0.44683,0.42691,0.35365,0.30537,0.23303,0.20495,0.40916,0.49661,0.47051,0.32254,0.1805,0.3772,0.4478,0.44492,0.35101,0.17683,0.29341,0.30963,0.16308,0.30993,0.45062,0.49432,0.46985,0.46586,0.54951,0.63949,0.67081,15.429,6.6106,6.6106
80.956,1.2133,0.76206,0.75674,0.78775,0.63672,0.31625,0.38541,0.51529,0.50414,0.44322,0.42358,0.44991,0.46928,0.4604,0.40824,0.40715,0.50586,0.59307,0.63344,0.58592,0.40138,0.24842,0.47661,0.54262,0.54987,0.54087,0.52929,0.51615,0.50189,0.49647,0.49336,0.48896,0.50916,0.54446,0.5463,0.50519,0.43358,0.35089,0.24232,0.28923,0.39254,0.40916,0.37709,0.35442,0.34476,0.35587,0.40425,0.45027,0.44074,0.3419,0.26567,0.46692,0.61721,0.69324,15.429,6.5231,6.5231
79.996,0.96664,0.80581,0.90285,0.92271,0.84386,0.73412,0.65,0.56606,0.44706,0.41013,0.42807,0.33734,0.16116,0.34898,0.35722,0.36171,0.49632,0.59786,0.63495,0.60553,0.53487,0.47345,0.42887,0.34792,0.31608,0.44517,0.49497,0.42748,0.2568,0.38242,0.5158,0.58011,0.5941,0.55425,0.45756,0.38066,0.43432,0.44776,0.40919,0.41503,0.45052,0.45733,0.43685,0.38059,0.25777,0.1745,0.34914,0.42971,0.43714,0.38341,0.31812,0.40733,0.54291,0.61684,15.429,6.4343,6.4343
79.036,0.80604,0.55195,0.78671,0.89229,0.92293,0.86912,0.76872,0.62654,0.45379,0.42979,0.50463,0.51668,0.50541,0.51792,0.52669,0.49682,0.42275,0.43913,0.53993,0.55819,0.46813,0.33429,0.34683,0.36202,0.37635,0.43772,0.46707,0.44678,0.4116,0.42347,0.45311,0.46236,0.46486,0.46615,0.43419,0.39545,0.49184,0.58507,0.59592,0.52446,0.3658,0.27196,0.4039,0.41601,0.34506,0.25515,0.28204,0.40231,0.44881,0.40123,0.33065,0.38807,0.47218,0.48602,15.429,6.3443,6.3443
78.076,0.54774,0.6094,0.63886,0.68919,0.69689,0.69145,0.65787,0.61891,0.58707,0.568,0.57533,0.59519,0.59826,0.57499,0.53721,0.48561,0.40913,0.42621,0.52999,0.54773,0.46619,0.35755,0.36627,0.42979,0.45637,0.4243,0.36538,0.38528,0.4233,0.38715,0.2566,0.20521,0.25785,0.19231,0.40203,0.56875,0.67131,0.70502,0.664,0.56941,0.47238,0.44473,0.4966,0.53315,0.50462,0.43423,0.44286,0.50999,0.521,0.45962,0.32958,0.26639,0.39908,0.45666,15.429,6.253,6.253
77.116,0.42894,0.42496,0.38882,0.17826,0.43051,0.40355,0.15692,0.41854,0.42897,0.29407,0.39607,0.48354,0.46878,0.39515,0.31202,0.3554,0.4739,0.56596,0.612,0.59795,0.51644,0.3722,0.26431,0.39215,0.4578,0.42819,0.33928,0.37473,0.42177,0.38178,0.2894,0.23618,0.27468,0.35938,0.50971,0.6633,0.74262,0.7141,0.58594,0.4015,0.35688,0.45849,0.5333,0.57576,0.59343,0.60024,0.6084,0.60561,0.56257,0.4653,0.35526,0.32812,0.40542,0.47853,15.429,6.1604,6.1604
76.156,0.63991,0.60303,0.60854,0.57332,0.58512,0.57522,0.55237,0.52314,0.46956,0.41995,0.41379,0.39456,0.30484,0.14796,0.19299,0.28622,0.41832,0.5193,0.5695,0.56539,0.51077,0.42328,0.37367,0.41493,0.47126,0.50105,0.50509,0.49616,0.47825,0.43694,0.35344,0.26648,0.37559,0.52228,0.64737,0.72698,0.73611,0.66275,0.51053,0.32613,0.24629,0.33554,0.42244,0.44,0.43287,0.44753,0.46823,0.51351,0.54006,0.48499,0.31476,0.29317,0.45744,0.50544,15.429,6.0663,6.0663
75.196,0.67081,0.67271,0.60941,0.62815,0.68166,0.7129,0.67736,0.58609,0.46303,0.37607,0.39117,0.40847,0.37465,0.31862,0.30277,0.30588,0.34092,0.4059,0.41083,0.37822,0.40003,0.41197,0.35018,0.29063,0.38693,0.44232,0.41379,0.36088,0.38434,0.41257,0.42327,0.45162,0.51474,0.58075,0.60773,0.59107,0.58172,0.58081,0.52812,0.40523,0.30506,0.37476,0.39433,0.30732,0.23443,0.30694,0.21757,0.35018,0.50692,0.56099,0.56025,0.55728,0.55654,0.51635,15.429,5.9708,5.9708
74.236,0.75839,0.67568,0.4247,0.44179,0.63402,0.68218,0.63579,0.50707,0.32921,0.16262,0.26988,0.38667,0.44767,0.44488,0.38908,0.29008,0.30874,0.38335,0.36311,0.28184,0.33051,0.36144,0.34001,0.33341,0.4042,0.44552,0.38669,0.3006,0.32192,0.26963,0.20524,0.34629,0.42932,0.4724,0.44834,0.30925,0.23067,0.43665,0.50861,0.49732,0.44224,0.39925,0.41948,0.45929,0.47603,0.47972,0.48568,0.50379,0.51843,0.5177,0.49769,0.50017,0.5356,0.52818,15.429,5.8737,5.8737
73.276,0.66433,0.72222,0.72411,0.659,0.57062,0.49068,0.50155,0.49789,0.39159,0.23707,0.33025,0.42049,0.44883,0.43731,0.40725,0.39372,0.42916,0.48592,0.51672,0.50208,0.43615,0.30354,0.17203,0.3895,0.51071,0.56733,0.56721,0.51973,0.44345,0.36455,0.3147,0.24479,0.17103,0.33609,0.39764,0.39078,0.36628,0.37371,0.42708,0.46607,0.41677,0.25754,0.38884,0.50468,0.53101,0.50912,0.4788,0.42005,0.32902,0.33101,0.31311,0.1797,0.42839,0.55524,15.429,5.775,5.775
72.315,0.64594,0.714,0.67319,0.61956,0.50852,0.3686,0.44705,0.53017,0.54391,0.52502,0.50395,0.44877,0.30493,0.25549,0.33671,0.2252,0.33174,0.52662,0.61241,0.60709,0.52799,0.41229,0.34184,0.40113,0.53786,0.63744,0.64491,0.55594,0.41127,0.36194,0.40138,0.40235,0.39956,0.40999,0.37091,0.27642,0.24508,0.16072,0.27756,0.45003,0.52918,0.55656,0.56793,0.55284,0.45802,0.21565,0.32761,0.4111,0.38193,0.38731,0.43425,0.46002,0.48677,0.53927,15.429,5.6745,5.6745
71.355,0.71691,0.55693,0.2449,0.47225,0.55268,0.54629,0.53264,0.50867,0.4666,0.47814,0.53277,0.54149,0.50273,0.48229,0.50135,0.5195,0.54886,0.58689,0.61479,0.60938,0.55236,0.44892,0.30398,0.35075,0.55313,0.67573,0.69263,0.60419,0.4546,0.4168,0.48668,0.50997,0.49493,0.46229,0.41195,0.34223,0.33416,0.40326,0.48664,0.55617,0.57134,0.51879,0.47743,0.52117,0.5465,0.52864,0.52181,0.52911,0.53082,0.54297,0.54698,0.47897,0.23173,0.4029,15.429,5.5723,5.5723
70.395,0.96258,0.77452,0.63226,0.53641,0.42488,0.322,0.39653,0.42448,0.32515,0.33104,0.48864,0.57331,0.60433,0.60929,0.60128,0.57433,0.50387,0.38848,0.41379,0.50873,0.49745,0.36515,0.2737,0.48111,0.63882,0.71971,0.70017,0.60242,0.52125,0.53478,0.55088,0.48699,0.29784,0.33317,0.45903,0.47908,0.46452,0.48954,0.56138,0.60605,0.5675,0.43257,0.32521,0.45864,0.5522,0.59681,0.59435,0.52398,0.33764,0.37152,0.57679,0.65845,0.67331,0.67764,15.429,5.4681,5.4681
69.435,1.0179,0.87764,0.65941,0.45504,0.36977,0.35649,0.41463,0.46791,0.47729,0.46321,0.45392,0.44679,0.45008,0.46086,0.451,0.42552,0.40629,0.37341,0.40245,0.48335,0.51636,0.49645,0.50107,0.59266,0.68067,0.70441,0.64935,0.50284,0.31297,0.48995,0.59714,0.59451,0.53987,0.52424,0.53588,0.49509,0.34055,0.29132,0.52087,0.60555,0.58246,0.49648,0.42867,0.4234,0.4221,0.42276,0.48266,0.52714,0.52915,0.56558,0.65852,0.74915,0.80876,0.81567,15.429,5.3619,5.3619
68.475,0.8382,0.76092,0.63578,0.43594,0.41489,0.50796,0.52777,0.49185,0.393,0.2655,0.26488,0.23046,0.083907,0.25713,0.26446,0.10478,0.28716,0.41381,0.45852,0.44734,0.43845,0.48517,0.54135,0.56867,0.5665,0.54852,0.52544,0.51586,0.53351,0.57951,0.62729,0.64197,0.60914,0.54677,0.49631,0.48215,0.49198,0.52942,0.58511,0.60948,0.55534,0.40334,0.2201,0.34423,0.32805,0.26572,0.37927,0.45649,0.51819,0.56632,0.561,0.55267,0.64686,0.737,15.429,5.2536,5.2536
67.515,0.14152,0.57592,0.69123,0.66351,0.5885,0.51104,0.46533,0.4415,0.3853,0.29973,0.27366,0.28742,0.29069,0.27442,0.23721,0.25758,0.35883,0.43785,0.43509,0.31828,0.1962,0.3369,0.38205,0.35176,0.27198,0.28042,0.24928,0.23238,0.35702,0.42752,0.49194,0.531,0.48813,0.32861,0.18157,0.33044,0.34728,0.41946,0.51523,0.55042,0.5291,0.48188,0.44539,0.44427,0.466,0.47796,0.43417,0.25331,0.34865,0.49282,0.46497,0.38969,0.51309,0.57461,15.429,5.143,5.143
66.555,0.76279,0.70863,0.64465,0.57857,0.5101,0.38276,0.20388,0.40565,0.46432,0.41031,0.25545,0.20861,0.35491,0.38969,0.34836,0.35227,0.46303,0.53423,0.53206,0.46582,0.34426,0.1004,0.27753,0.3386,0.32246,0.31244,0.31811,0.31166,0.26042,0.03776,0.29356,0.40785,0.44789,0.42652,0.38123,0.32949,0.28254,0.35999,0.43123,0.41179,0.33337,0.32629,0.32598,0.31346,0.41744,0.51763,0.56009,0.56678,0.57815,0.59996,0.61299,0.60269,0.54742,0.42095,15.429,5.0299,5.0299
65.595,0.81914,0.65533,0.43315,0.20577,0.35813,0.44364,0.49827,0.55192,0.58305,0.56466,0.5128,0.4917,0.51888,0.53951,0.54223,0.53748,0.53609,0.55593,0.58502,0.57491,0.51519,0.44894,0.43274,0.45269,0.47874,0.48784,0.46116,0.395,0.31009,0.24159,0.25161,0.34157,0.41913,0.42786,0.3562,0.30661,0.3976,0.46771,0.46702,0.3839,0.27199,0.24852,0.23081,0.23189,0.35273,0.4959,0.59255,0.61222,0.557,0.47425,0.50557,0.57302,0.55569,0.44247,15.429,4.9143,4.9143
64.635,0.65225,0.56141,0.41777,0.26329,0.23293,0.34979,0.47242,0.55818,0.60115,0.6037,0.57812,0.54227,0.50867,0.49774,0.50484,0.47869,0.34728,0.27092,0.49713,0.59861,0.60553,0.52978,0.35732,0.29064,0.49246,0.57011,0.54781,0.44121,0.2601,0.12272,0.1369,0.26943,0.42953,0.49401,0.46303,0.43332,0.50804,0.55753,0.53323,0.45758,0.36191,0.28523,0.22597,0.13796,0.31224,0.47567,0.56075,0.5479,0.43929,0.29744,0.35503,0.50445,0.5941,0.59665,15.429,4.7959,4.7959
63.675,0.52102,0.49865,0.33531,0.20646,0.21969,0.32328,0.37436,0.39228,0.44594,0.45801,0.38395,0.30739,0.30606,0.17697,0.30217,0.43515,0.47217,0.48458,0.50232,0.50389,0.5328,0.56906,0.56058,0.56174,0.59882,0.59893,0.55859,0.50958,0.45224,0.40593,0.40875,0.4672,0.54407,0.60468,0.63179,0.63125,0.61164,0.56607,0.48975,0.39236,0.29141,0.13824,0.18218,0.28018,0.39824,0.5084,0.54708,0.50006,0.39197,0.24876,0.27315,0.44827,0.59113,0.67627,15.429,4.6744,4.6744
62.715,0.69851,0.60901,0.47871,0.40652,0.44637,0.44524,0.35849,0.29566,0.3724,0.3766,0.31337,0.25159,0.28323,0.34431,0.41424,0.48761,0.52882,0.51017,0.42724,0.26054,0.30274,0.53257,0.66743,0.70889,0.64962,0.47987,0.22495,0.43148,0.51025,0.48974,0.41381,0.39451,0.50958,0.58826,0.58299,0.50812,0.45123,0.45397,0.39684,0.21438,0.22547,0.32031,0.36091,0.42621,0.49657,0.54105,0.53251,0.44848,0.292,0.15139,0.27508,0.41701,0.53539,0.61361,15.429,4.5498,4.5498
61.755,0.72899,0.65281,0.59381,0.58363,0.60271,0.60761,0.57439,0.5073,0.41224,0.3044,0.26957,0.28125,0.29823,0.34821,0.4093,0.4577,0.47732,0.44252,0.33405,0.23286,0.40237,0.57085,0.68656,0.71667,0.66128,0.55966,0.48372,0.47868,0.48814,0.4688,0.40758,0.39232,0.49844,0.53154,0.45503,0.31153,0.19627,0.3442,0.44624,0.47822,0.48658,0.49506,0.46274,0.36336,0.36112,0.47223,0.50298,0.45574,0.36857,0.31486,0.36075,0.41102,0.38923,0.35193,15.429,4.4216,4.4216
60.795,0.55622,0.46263,0.25511,0.395,0.55988,0.64203,0.64669,0.58084,0.45253,0.30446,0.29123,0.26049,0.2045,0.30656,0.30444,0.19597,0.34807,0.43953,0.43115,0.40983,0.46371,0.54688,0.63279,0.65636,0.56306,0.38197,0.41998,0.46881,0.37427,0.22393,0.45374,0.57814,0.61354,0.55802,0.40808,0.1313,0.27764,0.38218,0.47917,0.57367,0.62905,0.6193,0.54311,0.43938,0.42039,0.45805,0.44128,0.37209,0.30792,0.2879,0.30025,0.35153,0.37659,0.39475,15.429,4.2896,4.2896
59.835,0.4722,0.35296,0.24763,0.36942,0.50192,0.56132,0.5485,0.52027,0.51764,0.51244,0.4946,0.4761,0.45084,0.40655,0.34232,0.31256,0.37948,0.4868,0.56049,0.55135,0.41132,0.26447,0.55402,0.65327,0.62269,0.53689,0.52677,0.54547,0.51589,0.49562,0.54724,0.62048,0.66876,0.65772,0.58238,0.47946,0.37283,0.10154,0.40571,0.56783,0.62778,0.61472,0.5552,0.48478,0.45238,0.44319,0.39326,0.26679,0.15993,0.18835,0.16262,0.29404,0.42257,0.53031,15.429,4.1533,4.1533
58.875,0.50119,0.43501,0.40076,0.47047,0.51672,0.47034,0.30995,0.19409,0.37554,0.46493,0.53012,0.55539,0.52868,0.45109,0.33217,0.11062,0.32354,0.50734,0.62341,0.6647,0.65428,0.64685,0.66375,0.66954,0.65394,0.6349,0.61687,0.58536,0.53303,0.46444,0.4159,0.46114,0.55851,0.63417,0.66342,0.64712,0.60265,0.57207,0.56879,0.52568,0.45763,0.46192,0.42539,0.25387,0.22763,0.35929,0.41344,0.4214,0.39253,0.35072,0.28474,0.17554,0.3721,0.51944,15.429,4.0125,4.0125
57.915,0.34047,0.49105,0.53447,0.52672,0.50036,0.45482,0.38804,0.31921,0.24868,0.2361,0.39082,0.50891,0.53249,0.44633,0.25704,0.22639,0.41236,0.55425,0.63172,0.64209,0.61742,0.60259,0.57865,0.49558,0.37418,0.40237,0.45628,0.44647,0.37792,0.25044,0.090904,0.20827,0.38166,0.48328,0.50773,0.53985,0.61659,0.66722,0.64632,0.54091,0.41109,0.47161,0.51871,0.47372,0.36279,0.16121,0.39507,0.52843,0.55879,0.51302,0.43167,0.39441,0.44148,0.49534,15.429,3.8666,3.8666
56.955,0.554,0.54907,0.44947,0.2841,0.36588,0.39495,0.33334,0.24638,0.18653,0.21025,0.32994,0.46881,0.55845,0.57373,0.53261,0.52167,0.55842,0.56278,0.52172,0.44495,0.28415,0.28945,0.42632,0.42278,0.35064,0.32168,0.27675,0.18121,0.2838,0.31782,0.28422,0.33623,0.41691,0.40849,0.27916,0.2822,0.45997,0.5679,0.62789,0.64255,0.63705,0.64163,0.65683,0.65725,0.6335,0.618,0.6408,0.66069,0.63877,0.56953,0.45446,0.29893,0.34299,0.44211,15.429,3.7149,3.7149
55.995,0.70787,0.64859,0.551,0.46534,0.43621,0.38532,0.25352,0.127,0.1947,0.15358,0.3203,0.46263,0.55187,0.59903,0.62766,0.63189,0.57932,0.4368,0.18052,0.32111,0.3884,0.41743,0.44951,0.45125,0.40516,0.33187,0.28266,0.27959,0.33918,0.41363,0.47085,0.49511,0.47705,0.43005,0.39041,0.36729,0.31794,0.3547,0.47911,0.51401,0.46321,0.47078,0.55786,0.62462,0.66766,0.68876,0.67143,0.60608,0.51553,0.46472,0.444,0.40779,0.42021,0.46192,15.429,3.5567,3.5567
55.035,0.57476,0.57521,0.59872,0.59144,0.54681,0.47302,0.39107,0.32247,0.28377,0.30472,0.38878,0.46733,0.46405,0.3506,0.42275,0.55601,0.57757,0.51737,0.44065,0.40633,0.3769,0.35128,0.41593,0.45738,0.3974,0.22295,0.26587,0.33009,0.3148,0.39554,0.5081,0.54811,0.49013,0.31483,0.21783,0.37053,0.38923,0.42882,0.49401,0.47002,0.36094,0.34612,0.35116,0.34768,0.43906,0.50469,0.5109,0.44441,0.28475,0.22868,0.38078,0.45495,0.48709,0.46402,15.429,3.3912,3.3912
54.075,0.28007,0.19648,0.47016,0.56276,0.51391,0.37503,0.34208,0.38095,0.3281,0.22313,0.39951,0.50432,0.51419,0.48002,0.50013,0.53605,0.51405,0.45166,0.41879,0.4179,0.37935,0.32506,0.42544,0.52988,0.56389,0.55069,0.5261,0.47809,0.41412,0.47764,0.56036,0.56842,0.52432,0.47538,0.45692,0.48546,0.53601,0.58288,0.60638,0.59166,0.53471,0.43639,0.3128,0.26596,0.25596,0.25679,0.32922,0.36333,0.35431,0.32447,0.29031,0.30874,0.39076,0.44634,15.429,3.2172,3.2172
53.115,0.47024,0.5181,0.56642,0.58382,0.5442,0.45498,0.43306,0.49236,0.51841,0.5283,0.54126,0.54596,0.54269,0.54486,0.53881,0.49645,0.39891,0.22718,0.20335,0.31866,0.39368,0.4753,0.55305,0.59822,0.60013,0.58936,0.6139,0.6567,0.68279,0.67141,0.59465,0.43507,0.31763,0.40479,0.41912,0.38538,0.41896,0.50554,0.56258,0.56711,0.52235,0.45153,0.39295,0.34875,0.29468,0.28302,0.29557,0.21143,0.21774,0.28894,0.25234,0.25132,0.28794,0.33851,15.429,3.0332,3.0332
52.155,0.61141,0.53776,0.45334,0.50532,0.57128,0.57674,0.55037,0.52474,0.51947,0.51931,0.49604,0.41077,0.26443,0.35464,0.42787,0.39506,0.30592,0.29094,0.31418,0.26462,0.17278,0.43326,0.55656,0.56081,0.44299,0.18074,0.42563,0.60154,0.70057,0.71846,0.64852,0.51369,0.41042,0.3635,0.27064,0.17704,0.24439,0.37228,0.40877,0.38222,0.37818,0.33288,0.074553,0.34216,0.45826,0.49522,0.47707,0.43467,0.41872,0.42215,0.40411,0.36175,0.29367,0.30729,15.429,2.8373,2.8373
51.195,0.64425,0.56723,0.45612,0.51033,0.53298,0.44628,0.34817,0.32843,0.26609,0.30945,0.36979,0.36771,0.34495,0.36176,0.38563,0.36251,0.29487,0.3042,0.39903,0.46184,0.51796,0.5826,0.59838,0.53201,0.40845,0.32067,0.38295,0.4835,0.55737,0.61975,0.65678,0.63781,0.56247,0.44842,0.31396,0.28436,0.37904,0.41551,0.36821,0.26424,0.31533,0.39919,0.45062,0.51421,0.58254,0.62071,0.6223,0.60162,0.56521,0.50147,0.39363,0.25937,0.32421,0.44787,15.429,2.6268,2.6268
50.235,0.60563,0.70726,0.73075,0.6854,0.57061,0.40022,0.27208,0.27302,0.2644,0.27941,0.30561,0.2807,0.25474,0.33748,0.38615,0.35728,0.27939,0.34233,0.47589,0.57765,0.63058,0.62807,0.58195,0.51078,0.41162,0.32031,0.38755,0.39855,0.20149,0.39109,0.54862,0.57385,0.52597,0.4865,0.48522,0.49694,0.49959,0.47362,0.42879,0.40085,0.40044,0.41034,0.45046,0.53249,0.59211,0.57203,0.47977,0.46931,0.53385,0.51426,0.40845,0.29669,0.32306,0.44548,15.429,2.3979,2.3979
49.275,0.57474,0.70864,0.76326,0.73697,0.64994,0.52669,0.39904,0.28146,0.22323,0.26498,0.28316,0.26704,0.26828,0.35355,0.42572,0.42856,0.3826,0.42573,0.52037,0.57004,0.55212,0.4745,0.39197,0.34385,0.35195,0.44598,0.52355,0.54854,0.54465,0.53802,0.50336,0.43304,0.32004,0.16415,0.43136,0.52933,0.5175,0.41427,0.23017,0.25242,0.34232,0.30074,0.19143,0.43674,0.54643,0.54027,0.4465,0.43973,0.53157,0.55145,0.48387,0.33526,0.30597,0.47512,15.429,2.1448,2.1448
48.315,0.54643,0.62806,0.63331,0.58292,0.53203,0.49092,0.41704,0.3081,0.24623,0.25106,0.19577,0.20754,0.31548,0.40551,0.48349,0.53081,0.53261,0.47566,0.4001,0.44033,0.46357,0.37121,0.24533,0.29681,0.31926,0.46922,0.61841,0.69652,0.69037,0.59716,0.40723,0.13942,0.37392,0.46783,0.53413,0.55647,0.50553,0.38874,0.26119,0.25609,0.34109,0.41497,0.47194,0.51579,0.531,0.52091,0.52297,0.5489,0.56447,0.53879,0.48431,0.46821,0.51249,0.56827,15.429,1.8574,1.8574
47.354,0.47806,0.52992,0.44829,0.22082,0.26128,0.32285,0.33138,0.37547,0.40043,0.38405,0.34213,0.3309,0.29895,0.2161,0.41301,0.54683,0.57619,0.50509,0.40424,0.45032,0.50597,0.5064,0.4838,0.47435,0.50016,0.56142,0.64274,0.70049,0.6979,0.63276,0.54414,0.48844,0.49529,0.52366,0.53459,0.52764,0.49742,0.42409,0.3136,0.31528,0.39079,0.44321,0.47989,0.4763,0.39581,0.26599,0.26993,0.37219,0.48039,0.49066,0.34369,0.32367,0.50475,0.5536,15.429,1.5166,1.5166
46.394,0.53682,0.53326,0.46482,0.36759,0.29552,0.24365,0.2025,0.34425,0.47141,0.53514,0.54527,0.51415,0.45879,0.43827,0.48055,0.52611,0.57042,0.60494,0.60202,0.55099,0.45226,0.39375,0.44731,0.46051,0.37629,0.29051,0.48248,0.5926,0.58272,0.47325,0.3804,0.40996,0.41549,0.38598,0.34285,0.30788,0.37033,0.43805,0.46028,0.43985,0.35923,0.1677,0.36099,0.45341,0.43349,0.35351,0.28839,0.351,0.50371,0.59548,0.62339,0.62102,0.58342,0.44983,15.429,1.0724,1.0724
45.434,0.55162,0.51305,0.43763,0.32377,0.12525,0.24873,0.36099,0.44981,0.51928,0.55953,0.5677,0.54953,0.52045,0.48984,0.44071,0.32059,0.31755,0.52673,0.62292,0.59169,0.45613,0.372,0.39971,0.37173,0.34546,0.37889,0.46376,0.52582,0.51609,0.43009,0.34811,0.34738,0.26435,0.15961,0.26857,0.27057,0.31305,0.34571,0.39313,0.44505,0.44858,0.43521,0.46289,0.50952,0.54028,0.55113,0.5624,0.59707,0.63952,0.65545,0.63888,0.62567,0.63187,0.62258,15.429,0,0
